"VAR2","VAR3","DCLASS","N","Avg_DBH","Min_DBH","Max_DBH","SD(PE)","SD(PE%)","MEAN(PE)","MEAN(PE%)","MEAN(APE)","MEAN(APE%)","SIGMA","RMSE","FI"
"Merch Stem Bark Volume","ST_BK_CV_MER",8,23445,7.91910002132651,7,8.9,0.419785370359428,48.5511468634582,0.0062798670837748,12.0031165984991,0.308044168543286,28.2063485446112,0.0521631070575028,0.419823388574255,0.62338094175617
"Merch Stem Wood Volume","ST_WD_CV_MER",8,24160,7.91830298013245,7,8.9,0.964322116037452,14.9938624223216,-0.0874690582731142,0.446106281791591,0.723665505174658,10.9254840471979,0.120809954269441,0.968261064840543,0.840407794763299
"Merch Stem Wood+Bark Volume","ST_WDBK_CV_MER",8,26697,7.91637637187699,7,8.9,1.0211033445415,13.4214686497979,-0.0834457297098093,0.279227324514011,0.763556070285193,9.65093081762478,0.127940252475204,1.0244882503056,0.850187785400561
"Stump Bark Volume","SP_BK_CV",8,23393,7.91860813063737,7,8.9,0.0472184663246113,NA,-0.00765685609965062,Inf,0.0340844550166913,Inf,0.00596960978714684,0.0478342523461892,0.348517333599463
"Stump Wood Volume","SP_WD_CV",8,34579,7.92337256716504,7,8.9,0.104957980995204,20.7383387208531,0.00171063037180255,4.13180163904298,0.07012119180288,15.8555921468833,0.0130313287397407,0.104970402737438,0.488274297236266
"Stump Wood+Bark Volume","SP_WDBK_CV",8,26648,7.91592990093065,7,8.9,0.13544503999038,21.4483937338276,-0.0198130666690861,-0.0958099117753711,0.0924042904956824,16.206013020977,0.0169839481343961,0.136883994813013,0.422355314011147
"Total Stem Bark Volume","ST_BK_CV_TOT",8,23449,7.91879397842125,7,8.9,0.463961236378104,47.6678284517283,0.01243006977401,11.49972338952,0.340521630988578,27.0996316732148,0.0577673021114197,0.464117825096678,0.622339731626702
"Total Stem Wood Volume","ST_WD_CV_TOT",8,34689,7.92329268644239,7,8.9,0.916541470299099,11.9650515168898,0.0352488274913451,1.54331254440543,0.686985407297788,8.89172488508926,0.113969377205899,0.917205827531127,0.878788608472468
"Total Stem Wood+Bark Volume","ST_WDBK_CV_TOT",8,26704,7.91609871180348,7,8.9,0.967550656450056,10.6424607161207,0.0305083805142061,1.16524261131052,0.717460155475961,7.90964988625436,0.12049592946605,0.96801341797141,0.87195228605659
"Merch Stem Bark Volume","ST_BK_CV_MER",10,20493,9.91893817401064,9,10.9,0.709702767438097,46.4268295715041,0.018424073974036,11.5947131200784,0.523289136106346,27.1352418411289,0.0708199628369484,0.709924563991956,0.598629235320285
"Merch Stem Wood Volume","ST_WD_CV_MER",10,20963,9.91894766970376,9,10.9,1.63441786372921,13.8583280129828,-0.0726081088394101,0.920570716847907,1.21452146756975,9.84234421847193,0.16298774311142,1.63599091086367,0.829153331741693
"Merch Stem Wood+Bark Volume","ST_WDBK_CV_MER",10,22571,9.91618448451553,9,10.9,1.74110889532571,12.0048600830937,-0.0525574070242532,0.857683939211525,1.27692254784397,8.75279661594204,0.173356943437894,1.74186341561765,0.838710790232794
"Sawlog Bark Volume","ST_BK_CV_SAW",10,12907,9.91092430464089,9,10.9,0.601777248816698,41.2144355084246,-0.0801736561443072,6.84918778148673,0.438864483740201,26.4976147658208,0.0602805742282801,0.607071342603795,0.641264335457494
"Sawlog Wood Volume","ST_WD_CV_SAW",10,13156,9.91029948312557,9,10.9,1.81779747502261,19.2389745221892,-0.420072272401848,-1.11868330455128,1.3998078876863,14.1936100068008,0.186270775146867,1.86563587138778,0.759684263806085
"Sawlog Wood+Bark Volume","ST_WDBK_CV_SAW",10,14438,9.90766034076742,9,10.9,1.98855857399491,17.3161408401807,-0.489981701096223,-1.5774445899609,1.51407928238747,12.9625638710646,0.204246849751168,2.04796811100119,0.764580309491642
"Stump Bark Volume","SP_BK_CV",10,20411,9.91810298368527,9,10.9,0.0694835922024948,NA,-0.0104261526631357,Inf,0.0502874053838667,Inf,0.00702412268368262,0.0702597872690108,0.305850721082588
"Stump Wood Volume","SP_WD_CV",10,30716,9.91862872769892,9,10.9,0.160041816697885,20.7073914680063,-0.00317869173872902,3.15084947345184,0.107959971007881,15.4539480833988,0.0159904224915967,0.160070775894823,0.434190455399422
"Stump Wood+Bark Volume","SP_WDBK_CV",10,22492,9.91544993775565,9,10.9,0.214118782385837,22.0316125152543,-0.0307296895131777,0.0072560016873149,0.144933351249185,16.3110320116326,0.0215684667975013,0.216307948132538,0.345471059600941
"Total Stem Bark Volume","ST_BK_CV_TOT",10,20471,9.91851888036735,9,10.9,0.761543709808925,45.8994108241752,0.0076918909700736,10.6691237680391,0.560058208982231,26.3558917216677,0.0760254041306583,0.761563954551974,0.599538288019389
"Total Stem Wood Volume","ST_WD_CV_TOT",10,30803,9.91871246307178,9,10.9,1.59118636764681,11.5994796976381,0.0324202545750132,1.3357691149598,1.18907942967732,8.57828523699142,0.158530980828742,1.59149078972977,0.858624729528459
"Total Stem Wood+Bark Volume","ST_WDBK_CV_TOT",10,22552,9.91583451578574,9,10.9,1.71576100282454,10.5855045617309,0.0057286628143158,0.949443710298801,1.24807218271492,7.79333227773684,0.17052066680689,1.71573252604407,0.847379212701482
"Merch Stem Bark Volume","ST_BK_CV_MER",12,17015,11.9080164560682,11,12.9,1.06821024427409,44.4669810918735,0.0320221261105362,11.28864549899,0.791779893539268,26.3080086112467,0.0890893910700276,1.06865872932251,0.577990133198039
"Merch Stem Wood Volume","ST_WD_CV_MER",12,17268,11.9071577484364,11,12.9,2.4953788843568,12.9459781305329,-0.125914174254019,0.91177400750653,1.87937410602048,9.52427488303965,0.208233186516786,2.49848144908661,0.803782467874462
"Merch Stem Wood+Bark Volume","ST_WDBK_CV_MER",12,18433,11.9073943470949,11,12.9,2.6408074752258,11.5801799942672,-0.107169426223402,0.791950209201224,1.9607346571038,8.438229051669,0.220539785169783,2.64290958439902,0.817765592019667
"Sawlog Bark Volume","ST_BK_CV_SAW",12,16901,11.908123779658,11,12.9,0.959865446739577,66.6288425155959,-0.0466879940267874,12.5297935920808,0.712469927062915,30.3471379306371,0.0799552990170574,0.960971867745133,0.606616771781787
"Sawlog Wood Volume","ST_WD_CV_SAW",12,17270,11.906184134337,11,12.9,2.83910898842574,72.4013655890889,-0.731538796630581,-0.451636614267459,2.21621633196767,14.6955942844094,0.244489057054066,2.93176092521321,0.743481336831321
"Sawlog Wood+Bark Volume","ST_WDBK_CV_SAW",12,18320,11.9074890829694,11,12.9,3.1443498677701,64.0329402078756,-0.779234194936757,-0.343594806238444,2.42852324295988,13.7856783115865,0.27044021795672,3.23938301866064,0.750164285133294
"Stump Bark Volume","SP_BK_CV",12,16921,11.9079841616926,11,12.9,0.0960547022653081,NA,-0.0085090006106578,Inf,0.0706465075068144,Inf,0.00806262955135033,0.0964280231526741,0.264063189010994
"Stump Wood Volume","SP_WD_CV",12,26735,11.912302225547,11,12.9,0.231518931395747,20.7622185962062,-0.00199371687956558,3.26196239616689,0.158851380001602,15.7264467152559,0.0192843084703634,0.231523185882316,0.43046913630515
"Stump Wood+Bark Volume","SP_WDBK_CV",12,18341,11.9073660105774,11,12.9,0.308165084736422,22.1902351817082,-0.0277212854956377,1.18100796595739,0.211811306347193,16.6411372846332,0.0257652799156174,0.309401052579105,0.343790804618679
"Total Stem Bark Volume","ST_BK_CV_TOT",12,16991,11.9080866341004,11,12.9,1.13129300828558,43.8364834650205,0.0100343166139603,10.3573367057542,0.836998056283497,25.6813861087082,0.0943423073791852,1.1313042183566,0.580480493208533
"Total Stem Wood Volume","ST_WD_CV_TOT",12,26818,11.9123238123648,11,12.9,2.43081955283254,11.2891537124061,-0.0222581872354576,1.06266687159829,1.84173741311064,8.40484111905847,0.202502877966574,2.43087613682426,0.843070842850395
"Total Stem Wood+Bark Volume","ST_WDBK_CV_TOT",12,18411,11.9074629297702,11,12.9,2.61843910997646,10.5326524360878,-0.0948477221114995,0.633482695830928,1.93584462319305,7.73294135042366,0.218580712450874,2.62008531632807,0.823512940565151
"Merch Stem Bark Volume","ST_BK_CV_MER",6,24375,5.96884102564103,5,6.9,0.213404659030686,111.547440010988,-0.0154709360803384,12.1103823768134,0.152969963684037,31.3508265522277,0.0347386094093255,0.213960346765435,0.66916327456663
"Merch Stem Wood Volume","ST_WD_CV_MER",6,25210,5.96940103133677,5,6.9,0.521581621246637,20.6028265373803,-0.101213334233152,-0.937133116518925,0.391356314278849,14.7168253521365,0.0870305581742943,0.531300983812235,0.842912970360294
"Merch Stem Wood+Bark Volume","ST_WDBK_CV_MER",6,27892,5.97027463071849,5,6.9,0.568234357533686,18.4971582657245,-0.115404925118945,-1.36574347222368,0.428666613952468,13.1942289792725,0.095155625221062,0.579824978226638,0.849042720233397
"Stump Bark Volume","SP_BK_CV",6,24333,5.9684625816792,5,6.9,0.0285016986041945,NA,-0.00461960003526231,Inf,0.020303189970849,Inf,0.00476315703426999,0.028873069515325,0.420467378643692
"Stump Wood Volume","SP_WD_CV",6,34210,5.96741596024554,5,6.9,0.0585977802305188,21.2139155437797,0.00317107118441577,4.91603452890795,0.0398438251024774,16.3980168441949,0.00962116791686288,0.0586826649801181,0.538749098137104
"Stump Wood+Bark Volume","SP_WDBK_CV",6,27856,5.96997774267662,5,6.9,0.07326895318824,20.8710565224922,-0.00929586351834484,0.212189821825063,0.05061112794705,15.8106506874653,0.0120842208307407,0.0738549921286484,0.50301577817673
"Total Stem Bark Volume","ST_BK_CV_TOT",6,24380,5.96853158326497,5,6.9,0.2501760068411,143.326116229721,0.0077789891912336,13.7285002520535,0.181421183296725,29.0331533394018,0.0409118717039587,0.250291789486124,0.668547534438762
"Total Stem Wood Volume","ST_WD_CV_TOT",6,34346,5.96741978687475,5,6.9,0.47274270977404,13.0437078831545,0.00729373870412754,1.33836322179787,0.346070384754576,9.58032538178186,0.0771717951202135,0.472792091069677,0.892297861381121
"Total Stem Wood+Bark Volume","ST_WDBK_CV_TOT",6,27903,5.97003548005591,5,6.9,0.496278477348989,11.0210601580217,0.0115335828681847,1.07953305555161,0.3608634544693,8.17498848425055,0.0808625751687892,0.496403589713799,0.896204932777645
"Merch Stem Bark Volume","ST_BK_CV_MER",18,6761,17.8667061085638,17,18.9,2.78161046291089,62.9504104212228,0.0690078998110267,15.0625920296815,2.04772030350082,31.129012243376,0.155383520505433,2.78226067209736,0.513246230799516
"Merch Stem Wood Volume","ST_WD_CV_MER",18,6853,17.8669633737049,17,18.9,6.62080271113196,12.6591046299806,-0.666893079362537,0.340737240398845,4.9960944715598,9.34935762767797,0.370833527284751,6.65382434740876,0.768114658622853
"Merch Stem Wood+Bark Volume","ST_WDBK_CV_MER",18,7329,17.8684267976532,17,18.9,6.96591829064409,11.6719097778991,-0.682938850559866,0.246565911647768,5.31633996070551,8.57235825181273,0.390208493764474,6.99884292449357,0.784125466374506
"Sawlog Bark Volume","ST_BK_CV_SAW",18,6725,17.8663940520446,17,18.9,2.67704783668303,62.9657372771533,0.017171087354777,15.0059827288342,1.97593826922539,31.7094189243001,0.149455172587012,2.67690386508656,0.525627737231917
"Sawlog Wood Volume","ST_WD_CV_SAW",18,6764,17.8663956238912,17,18.9,6.88997618555932,14.0677871687456,-1.40467570607156,-0.883774892694995,5.29832746954311,10.368660675033,0.392160372103564,7.03120668009313,0.744505089082482
"Sawlog Wood+Bark Volume","ST_WDBK_CV_SAW",18,7296,17.8681332236842,17,18.9,7.36509014975126,13.2392739620594,-1.4737323595344,-0.831432522264819,5.72620753692158,9.67986339266552,0.419015607356704,7.51059286254733,0.756825923314015
"Stump Bark Volume","SP_BK_CV",18,6727,17.8662256577969,17,18.9,0.193015753080024,475.238531017063,0.0111426209333281,41.8052678405114,0.147700030712336,63.8532191639903,0.0108047348731552,0.19332278912833,0.207737356572236
"Stump Wood Volume","SP_WD_CV",18,11372,17.8771104467112,17,18.9,0.536905392008734,21.8104751044752,-0.0187751422657125,2.68351821912853,0.373458990192571,16.3574677184324,0.0299771770153149,0.537209974833607,0.31236932933172
"Stump Wood+Bark Volume","SP_WDBK_CV",18,7299,17.8680230168516,17,18.9,0.687529771203993,23.7484385859506,0.0262802468875813,4.78550304643216,0.470733319328416,17.6476385996158,0.0384451253769608,0.687984793260414,0.17416991281278
"Total Stem Bark Volume","ST_BK_CV_TOT",18,6732,17.8660873440285,17,18.9,2.88901129842687,62.9799398181039,0.0408247348722174,14.7348411439487,2.12574199918098,30.869977053479,0.161363876815283,2.88908517243605,0.519127339347039
"Total Stem Wood Volume","ST_WD_CV_TOT",18,11380,17.8771001757469,17,18.9,6.54010014201542,11.297789461683,-0.292324564582924,0.729280580927048,4.95745505175414,8.45727303502759,0.364719841939388,6.54634286567467,0.816046134998421
"Total Stem Wood+Bark Volume","ST_WDBK_CV_TOT",18,7304,17.8678943044907,17,18.9,6.96494351947397,10.9758480549267,-0.704902639548233,0.116033096800211,5.30545698545471,8.12759873304709,0.390234606659045,7.00004888086082,0.784602746078854
"Merch Stem Bark Volume","ST_BK_CV_MER",24,1673,23.8777644949193,23,24.9,5.62659413694814,80.9622475808163,0.142503376151336,16.9847504850461,3.95432229818038,32.2711904237473,0.235574198952015,5.6267171215082,0.567235825247645
"Merch Stem Wood Volume","ST_WD_CV_MER",24,1693,23.87832250443,23,24.9,13.3147156156672,14.0639660878034,0.228126175098637,2.02809131455,10.220205609426,10.2325423415874,0.55682466485367,13.3127374711527,0.765305399401902
"Merch Stem Wood+Bark Volume","ST_WDBK_CV_MER",24,1790,23.8808938547486,23,24.9,14.2354625996389,13.0213329921899,0.303368470140611,1.75319981267179,10.9176452988828,9.33028147788017,0.595281910564555,14.234718699725,0.779578390288088
"Sawlog Bark Volume","ST_BK_CV_SAW",24,1672,23.8778110047847,23,24.9,5.54656709040355,81.2702576776868,0.192868915119396,17.742169258328,3.91336311165717,32.9098421670254,0.232299787997883,5.54826145221374,0.572660471275438
"Sawlog Wood Volume","ST_WD_CV_SAW",24,1673,23.8772863120143,23,24.9,13.5421940383236,14.9806125494801,-0.0772368826378354,1.92521306953968,10.3818967324507,10.6669140397153,0.566310785624058,13.5383664762284,0.761827803254967
"Sawlog Wood+Bark Volume","ST_WDBK_CV_SAW",24,1788,23.88048098434,23,24.9,14.5723168093555,14.0182662272717,0.0816995378205882,1.77295505058359,11.1809807105909,9.84066256893878,0.609295603176686,14.5684702928174,0.774514468996055
"Stump Bark Volume","SP_BK_CV",20,11327,23.497263176481,19,72,0.383437390107142,NA,0.0166874737537124,Inf,0.264961636418225,Inf,0.0140782370730924,0.383783433634875,0.459130384784387
"Stump Wood Volume","SP_WD_CV",20,27035,25.6924949140004,19,146.3,2.0043178931444,24.3078274925114,-0.346890971272046,-0.408276562057188,0.963292411955019,17.309752836965,0.0523165456106013,2.03407840724654,0.839925631503415
"Stump Wood+Bark Volume","SP_WDBK_CV",20,12282,23.4523611789611,19,72,1.40771279551427,27.7810583875506,0.0833214004418202,5.76458429628719,0.87468854643235,19.3201163045184,0.0520426595549177,1.41011929428736,0.621550428466683
"Total Stem Bark Volume","ST_BK_CV_TOT",24,1674,23.8772401433692,23,24.9,5.78621712436533,80.611544391742,0.123442246618182,16.8206884803412,4.06457814366753,31.9919312071624,0.242233264896088,5.7858055976842,0.571755611588358
"Total Stem Wood Volume","ST_WD_CV_TOT",24,3829,23.882658657613,23,24.9,13.6187892187654,12.4427811154906,0.330731020601097,1.79679355576631,10.4952947663198,9.23570092528436,0.569420216639842,13.6210265467704,0.814002007648814
"Total Stem Wood+Bark Volume","ST_WDBK_CV_TOT",24,1791,23.8804020100503,23,24.9,14.3118129485091,12.4042403258685,0.272023941643392,1.59176401625333,10.9169324524007,8.93106193412297,0.598508412463536,14.3104025710134,0.777592716258963
"Merch Stem Bark Volume","ST_BK_CV_MER",16,9551,15.8810700450215,15,16.9,2.17536843927605,52.4634484912565,-0.035662655275135,11.9030363012108,1.56598556135427,28.3894212069833,0.136303655304593,2.17554687428718,0.505735171809201
"Merch Stem Wood Volume","ST_WD_CV_MER",16,9661,15.8802090880861,15,16.9,4.91355003711153,12.4343605233246,-0.432988242098357,0.442193553035054,3.73338454099015,9.27559675223149,0.309449889315965,4.93233755647602,0.779018090797837
"Merch Stem Wood+Bark Volume","ST_WDBK_CV_MER",16,10393,15.8811603964207,15,16.9,5.19625639125054,11.4855881062006,-0.479871397534209,0.257014711340451,3.99308068361158,8.51493578511663,0.327230563466266,5.21811834240912,0.791323577316017
"Sawlog Bark Volume","ST_BK_CV_SAW",16,9490,15.8801159114858,15,16.9,2.07727704861659,53.3131811802299,-0.123172837559999,11.3433440467526,1.50475066837646,29.3067127481736,0.130374778231545,2.08081637514032,0.51462274025535
"Sawlog Wood Volume","ST_WD_CV_SAW",16,9559,15.8799979077309,15,16.9,5.23333996105152,14.6563081175991,-1.32076510500099,-1.58611217119756,4.10486357108821,10.8478905325832,0.338833821781785,5.39716615208933,0.735144402321459
"Sawlog Wood+Bark Volume","ST_WDBK_CV_SAW",16,10333,15.8803735604374,15,16.9,5.67437815093942,14.0325591317687,-1.43561877051741,-1.50616736137653,4.50708316413039,10.2785965252781,0.367349973929418,5.8529012090764,0.742767784558955
"Stump Bark Volume","SP_BK_CV",16,9492,15.8801201011378,15,16.9,0.16050554293801,NA,0.000353457974844032,Inf,0.120802407031945,Inf,0.0100819656800089,0.160497477139881,0.220006773153195
"Stump Wood Volume","SP_WD_CV",16,15399,15.88731735827,15,16.9,0.42798612069003,21.3962835873692,-0.00238313023219631,3.35303446887918,0.294509047591873,16.251908945289,0.0268348074467934,0.427978858995539,0.361564670755414
"Stump Wood+Bark Volume","SP_WDBK_CV",16,10336,15.8803986068111,15,16.9,0.547236143557627,22.7759349733945,0.00483512474441374,3.83358336692711,0.374456607143455,17.2320852588144,0.0343171398178788,0.547231031656888,0.265463345617432
"Total Stem Bark Volume","ST_BK_CV_TOT",16,9509,15.8796403407298,15,16.9,2.28838373367957,52.1180735476457,-0.0780580313494317,11.3133418387378,1.63300887391798,27.9967857123554,0.143299659970773,2.28959438743235,0.507923667044322
"Total Stem Wood Volume","ST_WD_CV_TOT",16,15421,15.8871214577524,15,16.9,4.83448158450684,11.0822352429137,-0.190050619701665,0.747758568740778,3.68747600509943,8.3254855799274,0.303313310718975,4.8380590963328,0.82374811081941
"Total Stem Wood+Bark Volume","ST_WDBK_CV_TOT",16,10353,15.8799575002415,15,16.9,5.16823038551011,10.696537179,-0.513781172748405,0.0859281852921765,3.96907503152005,7.99138618991458,0.325613536093553,5.19345707830437,0.794817504089859
"Merch Stem Bark Volume","ST_BK_CV_MER",14,13315,13.883469770935,13,14.9,1.5527654319993,47.3396879436064,-0.00571060111378202,10.9854658274914,1.14731206836052,27.0786881625815,0.11106587861071,1.55271762331581,0.526529518674674
"Merch Stem Wood Volume","ST_WD_CV_MER",14,13509,13.8841142941743,13,14.9,3.59351377231801,13.1057892905979,-0.202471639237344,0.893687039369313,2.72211774965162,9.48216170421683,0.257433638019693,3.59908045061662,0.789181451458665
"Merch Stem Wood+Bark Volume","ST_WDBK_CV_MER",14,14386,13.8840052829139,13,14.9,3.7245355366621,11.7479318890752,-0.206027528460801,0.688635526006479,2.83869411574585,8.44274896566045,0.266876078347479,3.73010026997354,0.807878339399429
"Sawlog Bark Volume","ST_BK_CV_SAW",14,13227,13.8841082634006,13,14.9,1.44856424135245,49.1855409509293,-0.104447291847681,10.0113224746112,1.08092788395629,28.4337646430868,0.103809860188765,1.45227027703659,0.538379561524843
"Sawlog Wood Volume","ST_WD_CV_SAW",14,13373,13.8832647872579,13,14.9,3.92624881650959,16.2907730637115,-1.10215865136678,-1.95651374432244,3.10769168939067,11.9645578520991,0.292006746592656,4.07787085794269,0.732159925175069
"Sawlog Wood+Bark Volume","ST_WDBK_CV_SAW",14,14298,13.8845153168275,13,14.9,4.21314217378628,15.4178477399096,-1.19219910935189,-1.85901336690737,3.36750293070123,11.149869979826,0.313653964509347,4.3784317079125,0.744056550030621
"Stump Bark Volume","SP_BK_CV",14,13241,13.8839287062911,13,14.9,0.124946670574132,NA,-0.00463931206940021,Inf,0.0934151431919476,Inf,0.00897906139880688,0.125028055507148,0.251805368993744
"Stump Wood Volume","SP_WD_CV",14,21089,13.8866186163403,13,14.9,0.323097067075367,20.7891858448541,-0.00544571870676803,3.03013246757883,0.221521134887945,15.9296697656013,0.0231708905135141,0.323135297591748,0.400620092253713
"Stump Wood+Bark Volume","SP_WDBK_CV",14,14316,13.8844020676167,13,14.9,0.416404819737212,21.9786975150297,-0.0172657077179324,2.45898906901494,0.286982021253362,16.7830369718971,0.0299321333112237,0.416748085457258,0.323824470910577
"Total Stem Bark Volume","ST_BK_CV_TOT",14,13278,13.8831977707486,13,14.9,1.6287327245203,46.8983502238607,-0.0356026858181359,10.2539012445001,1.20423164455728,26.6030175655234,0.116563440095862,1.62906048146581,0.530967467139652
"Total Stem Wood Volume","ST_WD_CV_TOT",14,21135,13.8861367400047,13,14.9,3.51029819649427,11.3185825453874,-0.0904216590668966,0.934036543512726,2.66745983389606,8.39641805675337,0.251227539155467,3.5113795695751,0.832504005746145
"Total Stem Wood+Bark Volume","ST_WDBK_CV_TOT",14,14353,13.8837246568662,13,14.9,3.69160311949487,10.6071069899282,-0.229301282485881,0.447679431499484,2.81852786352137,7.84171783500975,0.264496644268554,3.69858935091864,0.812584513393667
"Merch Stem Bark Volume","ST_BK_CV_MER",22,2609,21.8492909160598,21,22.9,4.45050211992646,69.660429757898,-0.0366536216277847,15.4641414479187,3.26825971644589,32.5000614272181,0.203349964353175,4.44980008783101,0.555645761733459
"Merch Stem Wood Volume","ST_WD_CV_MER",22,2642,21.8512490537472,21,22.9,10.7829960438119,13.1032402592719,-0.521601521118475,1.00174751761972,8.15398862169009,9.6931274040804,0.493488335897572,10.7935657854008,0.77196876719501
"Merch Stem Wood+Bark Volume","ST_WDBK_CV_MER",22,2840,21.8509507042254,21,22.9,11.4264430164273,12.1516800134835,-0.723562912540327,0.622286902471529,8.80780315362938,8.99952308826471,0.523253052701183,11.4473215294002,0.786104843254163
"Sawlog Bark Volume","ST_BK_CV_SAW",22,2606,21.8493092862625,21,22.9,4.36675267499671,70.0208065141262,-0.0150131456465729,16.0391311300976,3.21803558605226,33.1088258051077,0.199495883225134,4.36594058082671,0.564565150873249
"Sawlog Wood Volume","ST_WD_CV_SAW",22,2609,21.8491759294749,21,22.9,11.0607960159645,13.9660221310623,-0.981356100431394,0.625847015993986,8.39370652899241,10.2423128584248,0.507708020191135,11.1021338629158,0.762779095943736
"Sawlog Wood+Bark Volume","ST_WDBK_CV_SAW",22,2836,21.8511988716502,21,22.9,11.7798952350342,13.0828698393515,-1.1502850000594,0.356906441051566,9.11164645078239,9.59599127935419,0.541021125945042,11.833856394703,0.776424117988124
"Total Stem Bark Volume","ST_BK_CV_TOT",22,2607,21.8490602224779,21,22.9,4.59337034685438,69.3799557602538,-0.0624434149741852,15.3257079353666,3.37320991817119,32.2572533502502,0.209872254411243,4.59291379118204,0.559743172297118
"Total Stem Wood Volume","ST_WD_CV_TOT",22,5231,21.8749952207991,21,22.9,10.7912559935473,11.9955662507635,0.122469487017606,1.45027224198484,8.18025004402693,8.8473015456175,0.49207112611854,10.790919467085,0.815251963040552
"Total Stem Wood+Bark Volume","ST_WDBK_CV_TOT",22,2838,21.8507399577167,21,22.9,11.4459171748781,11.5828042414623,-0.73437046942221,0.518137453590017,8.79332501755972,8.5924004774662,0.524162464913888,11.467439012925,0.784743291879372
"Merch Stem Bark Volume","ST_BK_CV_MER",20,4092,19.8486070381232,19,20.9,3.53553205225601,61.5500725449482,-0.0692473872467081,13.469320886137,2.60083535483764,30.3637779589279,0.17761466430312,3.53577818243952,0.554104199409376
"Merch Stem Wood Volume","ST_WD_CV_MER",20,4162,19.8478135511773,19,20.9,8.38892838290399,12.9828957230642,-0.548163138871448,0.720159229591639,6.36942693840094,9.44871543445017,0.422217944151428,8.40581307869005,0.761733203930575
"Merch Stem Wood+Bark Volume","ST_WDBK_CV_MER",20,4474,19.8519445686187,19,20.9,8.90258908332189,11.9578687204032,-0.761243617502716,0.370642077960714,6.82280720011135,8.67606764673164,0.448661903551639,8.93408469930852,0.780331696940301
"Sawlog Bark Volume","ST_BK_CV_SAW",20,4078,19.8482344286415,19,20.9,3.45200493104919,61.4124891219775,-0.0750056675631072,13.8319626330837,2.54710952552551,30.9909116749124,0.173393130771887,3.45239652859599,0.562156270100937
"Sawlog Wood Volume","ST_WD_CV_SAW",20,4091,19.8483500366659,19,20.9,8.61544819321757,14.1252921402594,-1.15687358256951,0.0135950588155467,6.59301082674882,10.1505907308809,0.436632160808574,8.69172942162489,0.750704832322459
"Sawlog Wood+Bark Volume","ST_WDBK_CV_SAW",20,4461,19.8517596951356,19,20.9,9.27641183651935,13.3083160788053,-1.3587838521049,-0.167461166551935,7.18611121452057,9.51873021013855,0.4708627977488,9.37437039556534,0.764630891697438
"Total Stem Bark Volume","ST_BK_CV_TOT",20,4084,19.8482370225269,19,20.9,3.67047975703032,61.4516059451004,-0.0910380962300641,13.3271268416155,2.69758174793071,30.1895743924085,0.184393164109171,3.67115931985422,0.55493043555208
"Total Stem Wood Volume","ST_WD_CV_TOT",20,7599,19.8804184761153,19,20.9,8.45078663490866,11.6686708983007,-0.168937018268893,1.01770119241479,6.45266828460051,8.62912973200699,0.423948793064169,8.45191909646609,0.814789469614335
"Total Stem Wood+Bark Volume","ST_WDBK_CV_TOT",20,4467,19.8517573315424,19,20.9,8.93123904242275,11.350996547045,-0.79639139167446,0.245824053423218,6.82823401972132,8.27272550948438,0.450174671173512,8.96567973573412,0.778831484735343
"Stump Bark Volume","SP_BK_CV",4,10710,4.02822595704949,3,4.9,0.0139830322258537,NA,-0.00340546301231624,Inf,0.00936719061052307,Inf,0.0034844521998183,0.0143911122654656,0.473782274282508
"Stump Wood Volume","SP_WD_CV",4,12876,4.02481360671016,3,4.9,0.0270631672481384,22.9001848158457,0.00232046338172861,5.58194079835565,0.0186055446839144,17.5227796309932,0.00664030068678409,0.02716141913857,0.537673903850058
"Stump Wood+Bark Volume","SP_WDBK_CV",4,12579,4.05835122028778,3,4.9,0.0341343161495242,21.867215422444,-0.0038152663946242,0.802600967471068,0.0231820271866588,16.1981579431175,0.00832630928763232,0.0343455261997161,0.525932462795225
"Total Stem Bark Volume","ST_BK_CV_TOT",4,10995,4.02701227830832,3,4.9,0.0907136912421429,36.7311942108652,0.0096780968963334,9.38081114852385,0.0634348119284354,23.2982367764787,0.0216449032431967,0.091224398652934,0.716954230409548
"Total Stem Wood Volume","ST_WD_CV_TOT",4,13259,4.02407421374161,3,4.9,0.187643896533381,13.2440815944615,-0.000873478634911233,0.726804933993341,0.129509637455073,9.74464488411285,0.0444292701292942,0.187638853383162,0.918191540292194
"Total Stem Wood+Bark Volume","ST_WDBK_CV_TOT",4,12864,4.05664645522388,3,4.9,0.204059054976023,11.7082577719751,0.00779054945744728,1.15365070942248,0.141259271659286,8.62583235326747,0.0484288384960517,0.204199788517633,0.917094193434481
"Merch Stem Bark Volume","ST_BK_CV_MER",26,1080,25.8736111111111,25,26.9,6.56924857388741,69.4995254252638,0.0676519827540137,16.3940789531488,4.74879113576139,32.2062336665989,0.253915314241058,6.56655505254624,0.640785996305027
"Merch Stem Wood Volume","ST_WD_CV_MER",26,1087,25.8709291628335,25,26.9,15.291253847163,12.4249039951485,-1.0965498998591,0.623489598594754,11.7245351363964,9.41421220229172,0.592172978418103,15.3235034459127,0.78756340942159
"Merch Stem Wood+Bark Volume","ST_WDBK_CV_MER",26,1163,25.8725709372313,25,26.9,16.7757188482411,11.9821066823912,-0.565506399760051,0.976982859544471,12.9149500056032,8.97602870834926,0.647652419282138,16.778037985451,0.799525801883125
"Sawlog Bark Volume","ST_BK_CV_SAW",26,1079,25.8736793327155,25,26.9,6.50003779320305,69.6408369976308,0.1289360667162,17.1265521206348,4.70763419426079,32.7423613615498,0.251252625197291,6.49830429731642,0.646659176514758
"Sawlog Wood Volume","ST_WD_CV_SAW",26,1082,25.8742144177449,25,26.9,15.4401992588055,12.8290714934346,-1.16506906212649,0.666853788965255,11.8381091107958,9.68224428368382,0.597982775814882,15.4769766615477,0.785522746520539
"Sawlog Wood+Bark Volume","ST_WDBK_CV_SAW",26,1163,25.8715391229579,25,26.9,16.9278423576271,12.394883529782,-0.738024462401114,0.969898739209968,13.0668326091276,9.26278365720903,0.653911582789312,16.9366506946828,0.798844561103874
"Total Stem Bark Volume","ST_BK_CV_TOT",26,1081,25.8737280296022,25,26.9,6.7430104699497,69.397425806029,0.0872788326570589,16.5797583423365,4.89034110076081,32.1368210106995,0.260647313914869,6.74045596098334,0.644332884091815
"Total Stem Wood Volume","ST_WD_CV_TOT",26,2663,25.8771686068344,25,26.9,15.7963146816351,11.3293267466767,-0.23261422297496,1.02472912160569,12.1878278003673,8.69439563786622,0.609046436504641,15.7950614663623,0.814535021075526
"Total Stem Wood+Bark Volume","ST_WDBK_CV_TOT",26,1166,25.8719554030875,25,26.9,16.7984605216578,11.4646811394296,-0.450859860768888,0.963163994888487,12.9162774938862,8.61772382188118,0.648332804592173,16.7973074197326,0.797956541199995
"Merch Stem Bark Volume","ST_BK_CV_MER",28,642,27.8188473520249,27,28.9,7.35393200402875,53.0767390959903,-0.248695896398301,10.3985791264798,5.5011777516658,27.3455305410474,0.263742781268947,7.35240969455267,0.646122166363914
"Merch Stem Wood Volume","ST_WD_CV_MER",28,654,27.8255351681957,27,28.9,19.3782164463501,12.8085509623015,-1.90155960975706,0.494373751477906,14.8352516692482,9.83091514747725,0.696967556616268,19.4565418103265,0.790820888791952
"Merch Stem Wood+Bark Volume","ST_WDBK_CV_MER",28,700,27.8252857142857,27,28.9,20.8170952674793,11.4919588286526,-1.05044866489247,0.591586797743236,16.09596163637,9.01324790669986,0.746317218817645,20.8287259395577,0.80245881704362
"Sawlog Bark Volume","ST_BK_CV_SAW",28,642,27.8188473520249,27,28.9,7.29343947057097,53.1913325584073,-0.163933713711889,10.9957304892724,5.45503572413481,27.6914801084464,0.261495554021491,7.28960057010283,0.651423111186811
"Sawlog Wood Volume","ST_WD_CV_SAW",28,646,27.8198142414861,27,28.9,19.1779008834146,12.846037563398,-1.83746733805789,0.555957786591569,14.7319283718307,9.90335980334398,0.689840226091072,19.2509436452713,0.797593446265781
"Sawlog Wood+Bark Volume","ST_WDBK_CV_SAW",28,700,27.8252857142857,27,28.9,21.0171672913841,11.9019827711252,-1.08728453906993,0.658910701149045,16.2651964269811,9.2709394397663,0.753491692117505,21.0302752755264,0.8015552259783
"Total Stem Bark Volume","ST_BK_CV_TOT",28,642,27.8188473520249,27,28.9,7.50832844063763,52.4632003517791,-0.231399419013556,10.600865228899,5.61571747446465,27.1548352261802,0.269260384679964,7.50604623909294,0.652427720517557
"Total Stem Wood Volume","ST_WD_CV_TOT",28,1949,27.884402257568,27,28.9,19.2411688112235,11.7093710350389,0.000253543319607445,1.21073975631799,14.8880006763468,8.8811367587652,0.6879284570207,19.2362320151708,0.81463097185153
"Total Stem Wood+Bark Volume","ST_WDBK_CV_TOT",28,700,27.8252857142857,27,28.9,20.8611339498886,11.0491024323911,-0.928555477948781,0.596067736754061,16.0453392612195,8.65033824833869,0.747771904741447,20.8668979334632,0.80018785968685
"Merch Stem Bark Volume","ST_BK_CV_MER",30,425,29.8392941176471,29,30.9,8.95300143344688,42.1657422950323,-0.460392365428451,9.27440549092876,6.6294602928125,26.9452129214541,0.299428704163416,8.95430582973059,0.688181768060504
"Merch Stem Wood Volume","ST_WD_CV_MER",30,427,29.8367681498829,29,30.9,23.1523726752756,14.1438806500469,-0.176453804918164,1.65169870423082,17.7209488277567,10.1820821656365,0.773922271574123,23.125919470014,0.798623029988994
"Merch Stem Wood+Bark Volume","ST_WDBK_CV_MER",30,458,29.8360262008734,29,30.9,25.6592932346675,13.1798110879675,0.579073804232128,1.71569362779293,19.5133456431171,9.63026671039715,0.859626934419468,25.6378061201159,0.80876664976372
"Sawlog Bark Volume","ST_BK_CV_SAW",30,424,29.8410377358491,29,30.9,8.87265963457659,42.9372496032856,-0.315821876731807,10.1361707335989,6.57065843808494,27.3967812143336,0.296447994113396,8.86781610249457,0.694540706485801
"Sawlog Wood Volume","ST_WD_CV_SAW",30,426,29.8403755868545,29,30.9,23.337581577228,14.5939106201235,-0.129045820778269,1.76845797597232,17.8287046010105,10.3935579222564,0.78011173168619,23.3105311538466,0.797793976568231
"Sawlog Wood+Bark Volume","ST_WDBK_CV_SAW",30,456,29.8375,29,30.9,25.9033116676534,13.6868473564678,0.756785547746051,1.91585951920154,19.6851817210141,9.87191298480091,0.867945270851194,25.8859581421586,0.808196315442499
"Total Stem Bark Volume","ST_BK_CV_TOT",30,425,29.8392941176471,29,30.9,9.14322978031493,41.9735323888255,-0.475510416254474,9.42383643280398,6.77769520085619,26.7810373690925,0.30582201085646,9.14483779319255,0.692327112467355
"Total Stem Wood Volume","ST_WD_CV_TOT",30,1348,29.9178783382789,29,30.9,23.115543410261,12.2074089368372,1.28772144769192,1.90342640965491,18.080791809257,9.2646706492489,0.772484357295477,23.1428215147656,0.815954861336003
"Total Stem Wood+Bark Volume","ST_WDBK_CV_TOT",30,458,29.8360262008734,29,30.9,25.691548124522,12.671375749001,0.677926555780167,1.66209750103033,19.5341102579146,9.29456767250747,0.860893458681347,25.6724377478847,0.80675956509881
"Merch Stem Bark Volume","ST_BK_CV_MER",38,77,37.861038961039,37,38.9,11.7833484500275,35.2002306990814,0.8185709421992,9.20394585915995,9.3130431483414,22.9247072582981,0.312004260850545,11.7351671221523,0.809838300634579
"Merch Stem Wood Volume","ST_WD_CV_MER",38,79,37.8822784810127,37,38.9,44.0995455372697,15.4558613588817,0.712493925132243,2.31565171953964,33.7254209543141,11.3455865268335,1.16250677258495,43.8253376880396,0.785053937644921
"Merch Stem Wood+Bark Volume","ST_WDBK_CV_MER",38,79,37.853164556962,37,38.9,46.2191694992912,13.4272096639241,0.495478846604055,1.59304747990144,36.0124362644358,10.1426237571784,1.22092593986266,45.9283841971108,0.801708470937204
"Sawlog Bark Volume","ST_BK_CV_SAW",38,77,37.861038961039,37,38.9,11.7778394900953,35.7660921534081,0.908560432905027,9.66175060716678,9.32208549246047,23.2641218213286,0.312073300572163,11.7363307341347,0.80996701246382
"Sawlog Wood Volume","ST_WD_CV_SAW",38,77,37.861038961039,37,38.9,43.9702823429685,14.8779850889579,-0.398979271914196,1.6646354260549,33.4892030660871,10.9637203259574,1.15983586238079,43.6856499116608,0.776204183495017
"Sawlog Wood+Bark Volume","ST_WDBK_CV_SAW",38,79,37.853164556962,37,38.9,46.4184815182773,13.568983956068,0.643472939900542,1.67478898918503,36.1324329106296,10.2446086598791,1.22626015085979,46.1282463508007,0.800793702200063
"Total Stem Bark Volume","ST_BK_CV_TOT",38,77,37.861038961039,37,38.9,12.1159654272868,35.564981186445,0.656277740235705,9.34475546999902,9.60141309765588,23.2022557203068,0.320416428279037,12.0549105811726,0.812018675170346
"Total Stem Wood Volume","ST_WD_CV_TOT",38,433,37.9438799076212,37,38.9,44.3506218065125,13.1310970398299,-2.24224042896009,0.770952851656738,34.0493828451696,9.83171073053258,1.16835700295781,44.3560889078185,0.783454051948825
"Total Stem Wood+Bark Volume","ST_WDBK_CV_TOT",38,79,37.853164556962,37,38.9,46.502613065679,13.1485475053674,0.0761376939335159,1.42583425688042,36.3633978477759,9.9341749632071,1.22852484012293,46.2074181219109,0.796647534024423
"Stump Wood Volume","SP_WD_CV",2,8272,1.99377417794971,1,2.9,0.0122525917125841,31.9716449659699,-0.00166625984003983,-1.10270865375548,0.00775460969624192,24.0890704721354,0.00615640469215044,0.0123646381602932,0.568108485228407
"Total Stem Wood Volume","ST_WD_CV_TOT",2,8850,1.98262146892655,1,2.9,0.052782387950972,19.7875611884752,-0.0124369698128096,-7.05831186457423,0.0347820625920261,15.8671148595686,0.0253162565133119,0.0542249379518102,0.905749930596702
"Total Stem Wood Volume","ST_WD_CV_TOT",40,1629,48.1193984039288,39,146.3,98.3318689908707,13.779536969998,-0.965668703590716,1.72507332586184,65.0792329641889,10.3884094536656,1.75578669190976,98.3064257104213,0.941718282314219
"Total Stem Wood Volume","ST_WD_CV_TOT",34,795,33.9334591194969,33,34.9,35.088974410547,14.0223541036914,-0.444600761263051,1.68463855125964,26.6974802516343,10.0720894633491,1.03409667233927,35.0697172833653,0.781224439647261
"Total Stem Wood Volume","ST_WD_CV_TOT",36,591,35.8636209813875,35,36.9,36.5299770072196,12.5198014325821,3.36267980883842,2.51656877806249,29.06219367929,9.77510499097895,1.02152454259445,36.6536342162971,0.794684858555909
"Total Stem Wood Volume","ST_WD_CV_TOT",32,989,31.9173913043478,31,32.9,27.7961080445325,12.6442852130628,0.130449731041173,1.43342083395709,21.6916854384674,9.50065871983664,0.86978530116329,27.782358117088,0.813381576865152
"Merch Stem Bark Volume","ST_BK_CV_MER",32,266,31.8699248120301,31,32.9,10.2552233650451,71.609932123475,0.563775474155606,18.1989406012224,7.45544613961975,33.5398636850955,0.322841806568811,10.2514425615411,0.71390748265762
"Merch Stem Wood Volume","ST_WD_CV_MER",32,270,31.8651851851852,31,32.9,25.4324583577413,14.6319152950513,-3.10567696434614,0.462473089969316,19.2850643059142,9.97861206023597,0.799283246599307,25.5745884651487,0.846417882684379
"Merch Stem Wood+Bark Volume","ST_WDBK_CV_MER",32,288,31.8673611111111,31,32.9,31.368311816567,15.0330363316451,0.0613766585830634,1.83979130421617,23.1805067614374,10.1466786736861,0.979691500250734,31.3138657369418,0.827747735520879
"Sawlog Bark Volume","ST_BK_CV_SAW",32,266,31.8699248120301,31,32.9,10.1654864095308,71.6358284333543,0.673097548849124,18.8750227789981,7.41999412748444,33.9392750557589,0.320174363571489,10.1686620979291,0.71830959616261
"Sawlog Wood Volume","ST_WD_CV_SAW",32,266,31.8699248120301,31,32.9,25.7953879253843,15.2604257791414,-3.09891285861209,0.625223801455094,19.5582096739899,10.2631318033941,0.810390420743169,25.932677989449,0.844007750297023
"Sawlog Wood+Bark Volume","ST_WDBK_CV_SAW",32,289,31.8660899653979,31,32.9,31.6060789628887,15.6142991402172,0.341561028984925,2.12385884450795,23.4271110682407,10.4627129378414,0.987141826762152,31.5531985213034,0.827557539001667
"Total Stem Bark Volume","ST_BK_CV_TOT",32,266,31.8699248120301,31,32.9,10.4868092403813,71.5010203134182,0.586566028727844,18.2791193235935,7.61041264884878,33.260652395655,0.330067293355709,10.4835010749096,0.716444726873033
"Total Stem Wood+Bark Volume","ST_WDBK_CV_TOT",32,289,31.8660899653979,31,32.9,31.3103963097005,14.1950313178832,0.35961124059502,1.82530290313513,23.0773963915109,9.70038391610467,0.978015882963113,31.2582477789594,0.827369875230082
"Stump Bark Volume","SP_BK_CV",2,7298,1.95955056179775,1,2.9,0.00544782573456703,NA,-3.02972801913705e-05,Inf,0.00325652564528144,Inf,0.00256875921621124,0.00544753673282468,0.442955608762095
"Stump Wood+Bark Volume","SP_WDBK_CV",2,7363,1.96155099823442,1,2.9,0.0152559729760435,30.5935621729713,-0.00212780759254757,-0.810230927064078,0.00964723695351919,23.1521961456598,0.00766525984117311,0.0154026188214358,0.602837762664128
"Total Stem Bark Volume","ST_BK_CV_TOT",2,7585,1.96013183915623,1,2.9,0.0277837378715417,63.5721298085111,0.00129327564973309,10.7895023108121,0.0175937709314362,33.074628220393,0.012408470377641,0.0278119916693852,0.703118172770073
"Total Stem Wood+Bark Volume","ST_WDBK_CV_TOT",2,7650,1.9620522875817,1,2.9,0.059699999800796,17.6430348526123,-0.0114801761256603,-5.38136029988643,0.0378752065896756,13.7574567368262,0.02809311703886,0.0607899541534347,0.919930176215238
"Merch Stem Bark Volume","ST_BK_CV_MER",34,190,33.8657894736842,33,34.9,12.369646008457,51.7333287377279,1.73801290281387,21.3485621225258,9.36330098797251,35.6731848829274,0.368872471721598,12.4588733524499,0.652465529584173
"Merch Stem Wood Volume","ST_WD_CV_MER",34,191,33.8670157068063,33,34.9,39.5348061651814,21.5190237960489,-2.53991336057122,2.78614945178516,28.4012198604941,13.2096861990201,1.17069952910282,39.5128941944283,0.741889756022099
"Merch Stem Wood+Bark Volume","ST_WDBK_CV_MER",34,202,33.8470297029703,33,34.9,42.6857443291347,20.781381441463,1.14133996968439,3.77477933956923,31.4907803095511,12.941611980319,1.26494471585367,42.5952493082998,0.755703781441272
"Sawlog Bark Volume","ST_BK_CV_SAW",34,190,33.8657894736842,33,34.9,12.3485086570298,53.0932854788853,1.84523822178671,22.5294969292789,9.39609187425772,36.7707177876391,0.36873443414038,12.4534338240809,0.653658502564065
"Sawlog Wood Volume","ST_WD_CV_SAW",34,190,33.8657894736842,33,34.9,40.0580415956644,22.8048393343223,-2.40127328637889,3.15132567163121,28.7964436371633,13.7032625342507,1.18588291586685,40.0245837073544,0.739072082652912
"Sawlog Wood+Bark Volume","ST_WDBK_CV_SAW",34,202,33.8470297029703,33,34.9,43.1918836762407,22.0544943953361,1.41022557029848,4.18242627554975,31.8368604118365,13.4099284366489,1.28012070839805,43.1079135541286,0.753644857796459
"Total Stem Bark Volume","ST_BK_CV_TOT",34,191,33.861780104712,33,34.9,12.5704278207961,50.9752110980964,1.8565226930892,21.481845747917,9.56211311426197,35.4085055932967,0.375296950361855,12.674187351086,0.659580599079467
"Total Stem Wood+Bark Volume","ST_WDBK_CV_TOT",34,203,33.8433497536946,33,34.9,42.210386952669,19.0390563911139,1.65101255429002,3.55834303681605,31.2284909107051,12.2305135669665,1.25159580514816,42.1386482847194,0.757728950020221
"Merch Stem Bark Volume","ST_BK_CV_MER",40,173,45.4722543352601,39,72,23.1699938159685,83.5209216318582,4.29380587021633,25.282619589375,16.7493092034049,37.3255594302678,0.481222652001239,23.4985576388682,0.87648364682422
"Merch Stem Wood Volume","ST_WD_CV_MER",40,175,45.4554285714286,39,72,72.9716321046971,13.8267586087074,-28.256873133279,-2.5373215274385,55.447540383239,10.1920708193407,1.64331733402575,78.0569164459713,0.935875504170446
"Merch Stem Wood+Bark Volume","ST_WDBK_CV_MER",40,176,45.4204545454545,39,72,76.8666103672843,13.5872232844038,-22.5850409692635,-1.27906352600351,57.2843704436579,9.55053394669944,1.71091998305952,79.906126046583,0.947587139482842
"Sawlog Bark Volume","ST_BK_CV_SAW",40,174,45.448275862069,39,72,23.0752392020925,85.0955272111694,4.42491594388802,26.1515900168571,16.7252401936149,38.0269376506988,0.479860838809677,23.4304586404436,0.876496563848202
"Sawlog Wood Volume","ST_WD_CV_SAW",40,174,45.448275862069,39,72,73.2800372354115,14.0073092136424,-28.4564429902025,-2.58506255278899,55.8020429051526,10.2469619769202,1.65182408934393,78.414738051144,0.93509131869441
"Sawlog Wood+Bark Volume","ST_WDBK_CV_SAW",40,177,45.3971751412429,39,72,77.2860939832513,13.9501880609477,-21.7773154061121,-1.05393992231457,57.6837212054315,9.73467435780063,1.7165948315051,80.0852373036817,0.947157080910052
"Total Stem Bark Volume","ST_BK_CV_TOT",40,174,45.448275862069,39,72,23.4638148137952,81.2497798575124,4.47356494087136,25.6271549086273,16.9306308246352,37.1351318607928,0.487747977828955,23.8201449398601,0.877841613055508
"Total Stem Wood+Bark Volume","ST_WDBK_CV_TOT",40,177,45.3971751412429,39,72,77.0380979653993,13.1977406885677,-20.6557796713045,-0.862398687302891,57.3673555711469,9.35193891526359,1.70802793853505,79.5487236932941,0.948798400996023
"Merch Stem Bark Volume","ST_BK_CV_MER",36,113,35.8398230088496,35,36.9,13.1627470487002,112.746891497656,0.402727746940064,23.2511051862103,9.77566543439718,39.524764086529,0.366739192365858,13.1105622940696,0.764528135540198
"Merch Stem Wood Volume","ST_WD_CV_MER",36,115,35.8304347826087,35,36.9,32.7603300665056,12.4625081269441,3.21654833526383,2.21580945643842,26.1098842389271,9.65866345608875,0.919157051337334,32.7757973854216,0.842461247806214
"Merch Stem Wood+Bark Volume","ST_WDBK_CV_MER",36,121,35.8198347107438,35,36.9,45.8191236516539,13.6726857887891,8.17396854227701,3.20594851769399,33.0862055773656,10.1745727276645,1.30326505019035,46.3557494391604,0.780148263550224
"Sawlog Bark Volume","ST_BK_CV_SAW",36,113,35.8398230088496,35,36.9,13.1402513182379,113.356469237314,0.523909788730375,23.9558614814148,9.75405459567,39.9481733538179,0.366204092542171,13.0924660267844,0.765439081649448
"Sawlog Wood Volume","ST_WD_CV_SAW",36,113,35.8398230088496,35,36.9,33.0860928975806,12.7605956475104,3.8582805139602,2.52881732731516,26.3481237353316,9.83915287324744,0.929970069174421,33.1645647290912,0.842406483089637
"Sawlog Wood+Bark Volume","ST_WDBK_CV_SAW",36,121,35.8198347107438,35,36.9,46.0258603775547,13.951108055494,8.41778223227478,3.35984524679241,33.3976359795784,10.3654930528427,1.31010576777508,46.6018412719456,0.779453364571636
"Total Stem Bark Volume","ST_BK_CV_TOT",36,113,35.8398230088496,35,36.9,13.378619286071,112.14672618031,0.385223992791481,23.3052092602485,9.96886081164778,39.18750626247,0.372788189363751,13.3248599150733,0.770472649552038
"Total Stem Wood+Bark Volume","ST_WDBK_CV_TOT",36,121,35.8198347107438,35,36.9,45.9512424602628,13.1329258862506,8.94532132963428,3.35937632669157,33.387609747782,9.93849332445127,1.31067918244731,46.6270833982546,0.777683200003375
"Foliage","FOL_DW",14,818,13.9231051344743,13,14.9,25.6069476452391,111.654355212212,-2.25019523859464,22.6317092732323,14.850066107394,46.4644536407851,1.86747449861175,25.6900279836327,0.531599392893529
"Foliage","FOL_DW",16,634,15.9135646687697,15,16.9,31.3831576731413,95.6046214488059,-2.91652414794311,22.0575935154765,19.433779470359,46.2800065335198,1.97869702355576,31.4937330993501,0.572342545565623
"Foliage","FOL_DW",18,433,17.8743648960739,17,18.9,32.5294368382463,91.9419278576663,-0.188197772472389,25.6955616586101,21.8245409618285,45.477358684078,1.81357912057549,32.4923972960672,0.669717202574347
"Foliage","FOL_DW",20,731,23.9879616963064,19,86.9,65.324772211322,82.069445247549,2.65780124234749,23.8719241754694,37.5993493059081,43.0238980033997,2.26571016233469,65.3341573514467,0.709513408732576
"Foliage","FOL_DW",10,1441,9.90617626648161,9,10.9,11.7208846352792,130.078218922012,-0.607999512849733,29.9236952496086,7.7890331693605,53.120857701979,1.18002672585491,11.7325813045752,0.561307146837036
"Foliage","FOL_DW",6,2513,5.94432948666932,5,6.9,4.62523551493986,151.33880997597,0.303047239072964,45.6529580364286,3.09757005131762,64.705345781423,0.763758492360922,4.63423438587078,0.625765188749165
"Foliage","FOL_DW",12,1053,11.9069325735992,11,12.9,17.3039278030098,88.7632622053575,-0.0363422721953941,25.8237777922971,10.9181363528229,47.5016988733684,1.45317037446895,17.2957475431179,0.528971447303932
"Foliage","FOL_DW",8,2028,7.90798816568047,7,8.9,8.20517584885013,343.977065576091,-0.0932459273284717,48.164601151558,5.36560743863367,69.9540791719088,1.00889178416721,8.20368257709852,0.586747189432067
"Foliage","FOL_DW",2,3082,1.85707332900714,1,2.9,1.10808592207861,238.033900029168,0.0380278874230626,64.6919625382657,0.59450043016832,92.0037631583723,0.550040038204209,1.10855858464922,0.510297920033293
"Foliage","FOL_DW",4,2239,3.94171505136222,3,4.9,2.91130706118992,547.548386499744,0.205224625248674,70.2574048209427,1.83995642912176,90.9133939748519,0.718409370218287,2.91788287338938,0.509619125950435
"Total Tree Wood+Bark+Foliage","TT_DW_ADJ",6,3245,5.95109399075501,5,6.9,26.686416371614,15.9919341044552,1.27803475805443,2.81832975269224,19.4872140977897,12.1089936053517,4.39197283511604,26.7128943831723,0.786366042739222
"Total Tree Wood+Bark","TT_WDBK_DW_ADJ",6,2115,5.95200945626478,5,6.9,25.7337540255276,16.4118331092812,1.10598762848648,2.39796945700869,18.7437126292821,12.1029334036806,4.23397952771696,25.7514309430633,0.809849552628784
"Top and Branches","BRT_WDBK_DW_MER",6,2115,5.95200945626478,5,6.9,17.0652180385566,36.8176710835261,1.58733858738085,11.9964767443124,12.6199233470082,27.686734431651,2.86623907958452,17.1348655388664,0.318953486337361
"Merch Stem Bark Weight","ST_BK_DW_MER",6,4643,5.95358604350635,5,6.9,5.33007189058905,48.3626949464133,0.364973787309808,11.2405948830969,3.43627785046164,27.3082223032204,0.864010962721684,5.3419802889453,0.611066247056733
"Merch Stem Wood Weight","ST_WD_DW_MER",6,5653,5.94675393596321,5,6.9,14.1749657073005,20.1188594317753,-3.01630308193951,-1.04765163512535,10.4379720642922,14.4128019590636,2.37273739480985,14.4911073830719,0.861980190553854
"Merch Stem Wood+Bark Weight","ST_WDBK_DW_MER",6,4933,5.9532535982161,5,6.9,17.1110601795747,21.6387802582362,-3.17396279732028,-0.816908676634469,12.6091512371073,14.5493755216017,2.85153842243172,17.4012375221253,0.853639866289572
"Stump Wood+Bark Weight","SP_WDBK_DW",6,3014,5.97073656270737,5,6.9,3.60778456957865,27.5532144754535,-1.66021396399233,-11.4629518068471,2.52409099908658,23.3833080897979,0.662257122230294,3.97090686830994,0.405605356528953
"Branches","BRT_WDBK_DW_TOT",6,2223,5.9565901934323,5,6.9,14.3273346279247,129.375393571811,0.123252253845427,32.1005696401198,9.70194026541159,56.1822386456179,2.37470292858794,14.3246419970911,0.425005219638999
"Total Stem Bark Weight","ST_BK_DW_TOT",6,4643,5.95358604350635,5,6.9,6.62743353393774,43.3007989964662,0.671270094820518,10.3961191854894,4.39501306022032,24.6504713161616,1.08867855144155,6.66063200953549,0.572972469931747
"Total Stem Wood Weight","ST_WD_DW_TOT",6,5653,5.94675393596321,5,6.9,16.2335988966653,16.3985748271022,-1.57313111044078,-0.127143917767768,11.8591785266054,11.8491201876892,2.68406230613933,16.3082144010481,0.849139571545811
"Total Stem Wood+Bark Weight","ST_WDBK_DW_TOT",6,4933,5.9532535982161,5,6.9,18.9181100240252,16.4107575246556,-0.902390881221509,0.654835369655003,13.7263044292171,11.3876280662419,3.09944654278213,18.937704322876,0.855925420173899
"Total Tree Wood+Bark+Foliage","TT_DW_ADJ",4,2726,3.94027879677183,3,4.9,13.4331028410296,22.3016326976071,0.368849807683258,3.61123193212399,8.88857264038676,15.7345344683286,3.29982888539135,13.4357026935008,0.778235111392193
"Total Tree Wood+Bark","TT_WDBK_DW_ADJ",4,1696,3.95123820754717,3,4.9,12.9680207062188,19.8491265468793,-0.215292852528838,1.87125405689376,8.07147728402501,14.6556457767533,3.21358305629639,12.9659845545361,0.794510552392037
"Stump Wood+Bark Weight","SP_WDBK_DW",4,1986,3.99350453172205,3,4.9,1.3273154889929,36.5438639676553,-0.220867358444765,-1.22599050106711,0.935277486204968,24.6994843555682,0.324425715092072,1.34523667229718,0.268227102333716
"Branches","BRT_WDBK_DW_TOT",4,1764,3.95181405895692,3,4.9,7.44604892528463,174.406755557739,-0.254302327534981,29.3992977068033,4.02261488250891,60.3452013073897,1.90400209516973,7.44828058238913,0.313879232527872
"Total Stem Bark Weight","ST_BK_DW_TOT",4,3492,3.96806987399771,3,4.9,2.83208670572215,50.9958297553989,0.30369367928286,11.6328014488608,1.86556527847879,29.0852468887539,0.681282213180499,2.84791995615365,0.571639127403576
"Total Stem Wood Weight","ST_WD_DW_TOT",4,4152,3.98405587668593,3,4.9,8.00626914401183,26.1016782773644,-1.15742887181809,-1.23725946098567,5.46177101715545,15.9041228316835,1.97547384636673,8.08854429260718,0.824294497154111
"Total Stem Wood+Bark Weight","ST_WDBK_DW_TOT",4,3743,3.96716537536735,3,4.9,9.13214530289195,27.0609706736264,-0.88406163000304,-0.44905351295401,6.20053029917479,15.5141632569751,2.21903526774146,9.17362318031086,0.841547454569447
"Total Tree Wood+Bark+Foliage","TT_DW_ADJ",8,2695,7.91810760667904,7,8.9,52.1506489414836,15.6405969281566,2.2058113015608,2.71227185053694,38.1869650207845,11.7653005120749,6.47476943950981,52.1876098996427,0.7623262688121
"Total Tree Wood+Bark","TT_WDBK_DW_ADJ",8,1779,7.91247892074199,7,8.9,50.8471121974172,16.0277198364034,1.14776811098173,2.26614501797439,36.2724541179173,11.6637983523684,6.34634984695048,50.8457754969832,0.787837166977017
"Top and Branches","BRT_WDBK_DW_MER",8,1779,7.91247892074199,7,8.9,28.833100064677,45.8321825726903,4.29532022940964,20.4665242988156,20.2814043061469,34.6108370439433,3.64731220112483,29.1432689215078,0.421164785869351
"Merch Stem Bark Weight","ST_BK_DW_MER",8,3872,7.9058367768595,7,8.9,12.1237059852043,46.5227569517284,0.0041087471385734,8.05837100059561,7.40401077976507,23.5306215561292,1.51745437419751,12.1221410192233,0.584207862067866
"Merch Stem Wood Weight","ST_WD_DW_MER",8,4481,7.88944432046418,7,8.9,28.846030520352,15.1840354494582,-3.67543810010687,-0.537616439850199,20.9120521346347,10.9095979440555,3.6020131430419,29.0760490491266,0.841520887506375
"Merch Stem Wood+Bark Weight","ST_WDBK_DW_MER",8,4098,7.90431918008785,7,8.9,33.2409983762162,15.8568077433089,-3.66925325642616,-0.189746131707917,24.3608519015058,10.9441289576639,4.1578961080776,33.4388659731472,0.843671112149446
"Stump Wood+Bark Weight","SP_WDBK_DW",8,2674,7.91484667165295,7,8.9,3.87487537584812,21.6133063950339,-1.3188196159582,-5.98612415837157,2.80699348707661,17.0895786678263,0.516779907666699,4.09247227260024,0.564542346195138
"Branches","BRT_WDBK_DW_TOT",8,1890,7.91126984126984,7,8.9,28.0730608171868,367.462141341485,1.16926778502925,37.5038648674111,18.4355021804778,57.8801158861411,3.49317759734177,28.0899795014972,0.43115227185457
"Total Stem Bark Weight","ST_BK_DW_TOT",8,3872,7.9058367768595,7,8.9,13.469828673999,46.6764017747825,0.30582790350273,8.85445616247103,8.31482129737098,23.3903214627051,1.69047417705566,13.4715610331132,0.584523141880532
"Total Stem Wood Weight","ST_WD_DW_TOT",8,4481,7.88944432046418,7,8.9,31.6188632380362,14.6153053954318,-0.619478818940559,1.16637255756925,22.7948519272763,10.6086038550944,3.91937916715833,31.6214034671291,0.837396186145586
"Total Stem Wood+Bark Weight","ST_WDBK_DW_TOT",8,4098,7.90431918008785,7,8.9,36.3665519773704,15.2703240409706,-0.422367668563245,1.31991368581124,26.6662283795742,10.6807701405467,4.52315934181599,36.3645675404148,0.840944591987717
"Total Tree Wood+Bark+Foliage","TT_DW_ADJ",10,1930,9.89699481865285,9,10.9,90.1172625400871,24.3493444030516,6.21914067528054,3.67881651825804,67.693696746873,12.6204008110958,9.04415871357349,90.3083101588048,0.739620598411009
"Total Tree Wood+Bark","TT_WDBK_DW_ADJ",10,1289,9.92102404965089,9,10.9,86.8234844330666,15.0682409056802,1.35609339520931,2.09367827196335,63.6804354339593,11.2938636327074,8.68524025935854,86.8003931326192,0.790612548119483
"Top and Branches","BRT_WDBK_DW_MER",10,1289,9.92102404965089,9,10.9,47.8669621208537,48.8914776665027,5.50960737371197,20.1212309544359,33.6484273296653,35.681063165078,4.82649991407019,48.1645543778514,0.480992735806029
"Merch Stem Bark Weight","ST_BK_DW_MER",10,2719,9.87572636998897,9,10.9,17.963794145341,36.3863735679691,1.03649035152325,8.37509881767543,11.8724999483177,22.760302359237,1.81466262438406,17.9903732528771,0.549721896887553
"Merch Stem Wood Weight","ST_WD_DW_MER",10,2987,9.87073987278206,9,10.9,54.4392364642288,31.951933089859,0.611021768604913,2.54697475619407,39.7799456661247,11.9085152256858,5.4447479621958,54.4335525035546,0.808305632836253
"Merch Stem Wood+Bark Weight","ST_WDBK_DW_MER",10,2863,9.87589940621725,9,10.9,62.0552628357324,30.073652379915,0.484156137329507,2.38233869063411,45.5204060938371,11.8486974816032,6.19705056045774,62.0463134330926,0.806757277039162
"Stump Wood+Bark Weight","SP_WDBK_DW",10,1898,9.8831928345627,9,10.9,5.6719211337609,20.4721820185568,-1.13529528601997,-2.70155689924857,3.95076483887241,15.5318943768494,0.584625225528494,5.78296074259745,0.611210575637297
"Branches","BRT_WDBK_DW_TOT",10,1340,9.91888059701493,9,10.9,47.5146187068962,69.5859330605879,4.39663110637994,26.8437596235244,33.2850070488261,45.596804543909,4.77870303533077,47.6999428797379,0.461583512044749
"Total Stem Bark Weight","ST_BK_DW_TOT",10,2719,9.87572636998897,9,10.9,19.3388570965064,35.9407839332976,1.02074164988584,8.16781219695262,12.8007694415613,22.4153923502796,1.9540080784459,19.3622250764228,0.555678667522946
"Total Stem Wood Weight","ST_WD_DW_TOT",10,2987,9.87073987278206,9,10.9,58.5715945159119,31.914813788847,2.60405188705965,3.09523090382068,42.9073856846368,11.8679925532932,5.87222699159477,58.6196575352385,0.802431735027144
"Total Stem Wood+Bark Weight","ST_WDBK_DW_TOT",10,2863,9.87589940621725,9,10.9,66.7342202446543,30.0874417479493,2.15662750745143,2.79812204393781,48.9682441285897,11.7557543007352,6.677891394706,66.7574091246249,0.802044146120743
"Total Tree Wood+Bark+Foliage","TT_DW_ADJ",12,1437,11.9341684064022,11,12.9,155.253893057396,18.0631528016058,3.32888492828779,3.28401636266006,115.295406810635,13.2285876256339,12.9212386232976,155.235560066341,0.7004428635798
"Total Tree Wood+Bark","TT_WDBK_DW_ADJ",12,956,11.9251046025105,11,12.9,142.840381728965,16.1475379428691,-6.75853876807551,1.76493307492496,105.877194016936,11.9754618161935,11.9050505075758,142.925540253137,0.76756048786845
"Top and Branches","BRT_WDBK_DW_MER",12,956,11.9251046025105,11,12.9,86.6180436326267,54.7369156781611,0.786774925577769,19.7633564981659,57.4927412473071,38.0006562950735,7.15267110170747,86.5763044958622,0.494988793621993
"Merch Stem Bark Weight","ST_BK_DW_MER",12,1889,11.9157226045527,11,12.9,23.996014719871,29.5863155187519,3.46276657781624,9.95410261505524,17.2121418385218,22.7236248117029,2.02770354584465,24.2382889830848,0.567812701183867
"Merch Stem Wood Weight","ST_WD_DW_MER",12,1976,11.9008603238866,11,12.9,93.3523587281911,17.4421522940644,5.41961088722347,3.29085148102904,69.4038396067067,12.6641953017495,7.82092621565712,93.4859604849402,0.761149914035266
"Merch Stem Wood+Bark Weight","ST_WDBK_DW_MER",12,1977,11.9128983308042,11,12.9,103.212574936015,17.0377575615513,7.01372752481658,3.24675404210698,76.9601959024247,12.3672516636422,8.62991390496589,103.424560015906,0.768056337742815
"Stump Wood+Bark Weight","SP_WDBK_DW",12,1370,11.893795620438,11,12.9,7.79919957963356,19.7166359768204,-1.2514096755996,-1.81951006317056,5.48072779750487,15.0691406406644,0.667508433967136,7.89614720061782,0.609480926514965
"Branches","BRT_WDBK_DW_TOT",12,1002,11.9150698602794,11,12.9,90.8391597269288,72.3478818449301,-1.26917247405878,26.1762012960433,59.674460697498,45.9608851052472,7.511316579678,90.8026896974327,0.521866964263902
"Total Stem Bark Weight","ST_BK_DW_TOT",12,1889,11.9157226045527,11,12.9,25.4336024463581,29.1840272136901,3.18071583011492,9.29101566370403,18.1677710062051,22.2457323840174,2.14445225446329,25.6250394562584,0.577399352553533
"Total Stem Wood Weight","ST_WD_DW_TOT",12,1976,11.9008603238866,11,12.9,98.6007673932927,17.081355301276,5.1649720353736,3.19851841151115,73.4245243352975,12.4931145550428,8.26551371875063,98.7110336783341,0.75920882514516
"Total Stem Wood+Bark Weight","ST_WDBK_DW_TOT",12,1977,11.9128983308042,11,12.9,109.088610342819,16.6678779517428,6.09816699008102,3.05672328394092,81.3151977181326,12.1629066129586,9.12204977062201,109.231374438762,0.766668613795667
"Total Tree Wood+Bark+Foliage","TT_DW_ADJ",2,3171,1.88751182592242,1,2.9,4.02026919876703,29.6292061370963,-0.783331632548742,-5.35115024677272,2.46081483223408,21.892890999399,1.90293619059743,4.09525040555811,0.771314931330107
"Total Tree Wood+Bark","TT_WDBK_DW_ADJ",2,2406,1.81620947630923,1,2.9,3.27729435263937,27.3140872693394,-0.938036999146674,-10.0102130184207,2.1101162618674,22.4458913269234,1.66338606022295,3.4082411258029,0.81456797281341
"Stump Wood+Bark Weight","SP_WDBK_DW",2,2366,1.8323753169907,1,2.9,0.424594217185069,82.6708937481276,-0.0439156575002414,3.68614206616383,0.303624228741827,34.2528570818335,0.22008433340512,0.426770006002935,0.55981773957775
"Branches","BRT_WDBK_DW_TOT",2,2440,1.8208606557377,1,2.9,1.85038240872468,105.325125369917,-0.561228016691118,-10.6417316969916,1.0836165550656,64.8888805686438,0.956644401742052,1.93325857074535,0.274646814916725
"Total Stem Wood+Bark Weight","ST_WDBK_DW_TOT",2,3864,1.90188923395445,1,2.9,2.52959027135167,41.9217017547322,-0.671947720518853,-9.33156163371142,1.71033483514151,25.0878596834872,1.19476998027573,2.61699917250931,0.829493559088986
"Total Tree Wood+Bark+Foliage","TT_DW_ADJ",16,844,15.9126777251185,15,16.9,301.800291152807,17.8708398293649,-19.1171828291561,1.60125172137688,227.822820309403,12.7740731180374,18.9467885893235,302.226675990413,0.659858076098622
"Total Tree Wood+Bark","TT_WDBK_DW_ADJ",16,617,15.9213938411669,15,16.9,266.999235865641,15.9586167399265,-17.2316975595874,1.26544894349273,201.661143151946,11.3548482633313,16.7251357561564,267.338704055269,0.773065913929912
"Top and Branches","BRT_WDBK_DW_MER",16,617,15.9213938411669,15,16.9,158.593590124146,52.5822317628415,-7.89722340420673,12.6920791911542,115.205964451165,34.5489613118768,9.93867192763817,158.661678084715,0.580489475973668
"Merch Stem Bark Weight","ST_BK_DW_MER",16,907,15.8874310915105,15,16.9,43.7813427274514,29.4988318995461,5.00414443112271,8.71940979616918,32.3687102251653,22.1540599743037,2.77741441539597,44.0424123458202,0.572517663054189
"Merch Stem Wood Weight","ST_WD_DW_MER",16,907,15.8874310915105,15,16.9,195.37535809437,17.8703054694678,-4.82491233892601,1.96313318787777,143.027679751288,12.396737840168,12.256942325097,195.327225059313,0.718499853473653
"Merch Stem Wood+Bark Weight","ST_WDBK_DW_MER",16,946,15.8895348837209,15,16.9,212.104458017898,17.5051334443089,1.69238211334598,2.36619095921829,153.536364793071,11.991294696511,13.3180352189911,211.999077650387,0.728585756176566
"Stump Wood+Bark Weight","SP_WDBK_DW",16,744,15.8963709677419,15,16.9,14.2657675292884,21.6762910114049,-1.1065187864959,-1.01012611780899,10.4156147142925,15.9396882443912,0.897398668687318,14.2990548367564,0.349146976150619
"Branches","BRT_WDBK_DW_TOT",16,634,15.9145110410095,15,16.9,160.718516639514,63.6583388438146,-3.40788451625576,17.9161744657928,117.426806817737,39.490094160045,10.073163830468,160.627871947073,0.580712417624132
"Total Stem Bark Weight","ST_BK_DW_TOT",16,907,15.8874310915105,15,16.9,45.9151931938269,28.8933101947513,3.75061602981802,7.70345796745184,33.8976928489275,21.7002139196637,2.90389979014261,46.042889951788,0.584976209826641
"Total Stem Wood Weight","ST_WD_DW_TOT",16,907,15.8874310915105,15,16.9,202.241170501899,17.3444837664495,-9.59301664060987,1.55620663421873,149.304479813693,12.1896294420445,12.6977545462311,202.357163586486,0.719606703929532
"Total Stem Wood+Bark Weight","ST_WDBK_DW_TOT",16,946,15.8895348837209,15,16.9,219.540724290034,16.9681547715482,-4.80637111299423,1.8485813544573,160.283177830051,11.7684412547641,13.7882313013722,219.477291372036,0.73081243266853
"Total Tree Wood+Bark+Foliage","TT_DW_ADJ",18,548,17.8647810218978,17,18.9,361.027865132918,15.6506623785878,-34.004759926349,0.531565584075418,275.245550523001,11.4716273565785,20.2349120362816,362.297659862781,0.710097862038923
"Total Tree Wood+Bark","TT_WDBK_DW_ADJ",18,400,17.91025,17,18.9,327.529757892289,14.6042846568703,-11.2105696909444,1.44903663628377,254.276980542504,10.689908723966,18.1827946886442,327.312129048122,0.82235696684763
"Top and Branches","BRT_WDBK_DW_MER",18,400,17.91025,17,18.9,206.554297658545,41.8367240990356,-7.13999133334385,10.7330155565858,150.077339104716,30.0061937611269,11.5179689381295,206.419465319412,0.677717484891737
"Merch Stem Bark Weight","ST_BK_DW_MER",18,571,17.869527145359,17,18.9,55.5757753808097,31.8489638043843,5.48170644820772,8.08517008879023,40.5288023004558,21.0199601171688,3.11762631779759,55.7970132796424,0.623306861128197
"Merch Stem Wood Weight","ST_WD_DW_MER",18,571,17.869527145359,17,18.9,237.050863720567,16.1735512984882,-26.8399293773436,0.266587432342664,176.282069937113,11.2602729900027,13.343704189602,238.359145083313,0.752957226633868
"Merch Stem Wood+Bark Weight","ST_WDBK_DW_MER",18,612,17.8714052287582,17,18.9,256.258812770145,16.0130630554915,-18.2901563112883,0.948850063861374,189.203369702846,10.9656432872484,14.3597896422197,256.701786788449,0.769053394897337
"Stump Wood+Bark Weight","SP_WDBK_DW",18,511,17.8906066536204,17,18.9,18.4788022722339,21.1261828725475,-2.10734769124611,-2.25774601182198,13.674491185104,16.3000652863343,1.03191460045055,18.5806032336753,0.267996182109395
"Branches","BRT_WDBK_DW_TOT",18,424,17.8974056603774,17,18.9,217.176645869964,51.3590147785084,1.02768008734808,16.7141899527505,156.984940754295,34.8916874312296,12.1508321039557,216.922824501678,0.669207831720307
"Total Stem Bark Weight","ST_BK_DW_TOT",18,571,17.869527145359,17,18.9,58.3332111907178,31.2622798962438,3.67442713123665,7.00237734870416,42.4492341599078,20.6292100430673,3.26273656904871,58.3978221932182,0.6289020545387
"Total Stem Wood Weight","ST_WD_DW_TOT",18,571,17.869527145359,17,18.9,247.916128588372,15.7740247282778,-35.5519556430155,-0.21447160730109,185.185152407658,11.1593981401101,13.9953528143438,250.237304218232,0.748157076906919
"Total Stem Wood+Bark Weight","ST_WDBK_DW_TOT",18,612,17.8714052287582,17,18.9,268.739932568092,15.6432140133597,-29.852444082607,0.329966664374766,198.749793248272,10.8299616601878,15.0973669184292,270.174594211148,0.763490323560957
"Total Tree Wood+Bark+Foliage","TT_DW_ADJ",14,1242,13.8519323671498,13,14.9,219.119679561456,17.7933418041203,1.45405513625055,3.06770396971365,161.794581393928,12.9344714800042,15.7621866657659,219.036275735453,0.697991077000969
"Total Tree Wood+Bark","TT_WDBK_DW_ADJ",14,777,13.9391248391248,13,14.9,203.130165690263,16.0999021448256,-7.72808305587483,1.86120773674335,148.654515812113,11.559261169803,14.4856361443395,203.146458026532,0.774914280616616
"Top and Branches","BRT_WDBK_DW_MER",14,777,13.9391248391248,13,14.9,126.041920014087,53.2290965715197,-3.19172424186708,15.764186095208,85.2121470382518,35.7080861819665,8.96377831612592,126.001216954835,0.526654631468624
"Merch Stem Bark Weight","ST_BK_DW_MER",14,1362,13.8627019089574,13,14.9,33.1203080215686,28.5778565591753,4.02410351656006,9.44265357235883,23.8836518221781,21.8711438904703,2.41008773038566,33.3518037376248,0.631806363040495
"Merch Stem Wood Weight","ST_WD_DW_MER",14,1371,13.8586433260394,13,14.9,136.629021623949,17.4739568341646,4.07302160409948,2.82320873027851,99.8877367204062,12.4069651614331,9.79586522590358,136.639902988788,0.750588462736255
"Merch Stem Wood+Bark Weight","ST_WDBK_DW_MER",14,1429,13.8650104968509,13,14.9,146.628498774477,16.7308053401837,7.73998070406425,3.00048706932154,107.848273552693,11.871819640751,10.5194195755135,146.781397071044,0.765582953825544
"Stump Wood+Bark Weight","SP_WDBK_DW",14,1013,13.9214215202369,13,14.9,11.4451146341031,21.3343422190994,-1.07139535525012,-0.847385313699741,8.11197740388741,15.9725220206012,0.820877678693516,11.4895268558429,0.48493903012951
"Branches","BRT_WDBK_DW_TOT",14,808,13.9425742574257,13,14.9,130.612040786038,67.5183234377213,-2.49831169680915,20.9523381790194,88.1831490731006,41.2105478879342,9.28825427739896,130.555097604882,0.546378445079058
"Total Stem Bark Weight","ST_BK_DW_TOT",14,1362,13.8627019089574,13,14.9,34.9633159986595,28.0315736437133,3.26394013339654,8.48323416812,24.9788872139505,21.2833593364911,2.53628622769532,35.1025532201648,0.63643595318449
"Total Stem Wood Weight","ST_WD_DW_TOT",14,1371,13.8586433260394,13,14.9,143.857071210973,17.0797837525578,1.38114982677333,2.47023067363316,105.043781128874,12.1979969364493,10.305826415394,143.811229725963,0.747357681111873
"Total Stem Wood+Bark Weight","ST_WDBK_DW_TOT",14,1429,13.8650104968509,13,14.9,154.417787375928,16.3242486167539,3.84525671250513,2.54175245606014,113.599674217694,11.6633666346315,11.0603375600389,154.411633842917,0.763066567379228
"Total Tree Wood+Bark+Foliage","TT_DW_ADJ",20,627,23.4314194577352,19,57.3,840.47232363277,20.8350340585593,-1.75717187506324,2.98706303154515,569.924919220705,12.6188107767727,33.1363182620938,839.803661388805,0.94240188026614
"Total Tree Wood+Bark","TT_WDBK_DW_ADJ",20,620,23.4291935483871,19,57.3,766.26234890324,15.0380437730357,-18.5545220343197,1.82069454243815,523.880515412284,11.1132954565608,29.2986341166671,765.868936974717,0.950738310805121
"Top and Branches","BRT_WDBK_DW_MER",20,620,23.4291935483871,19,57.3,503.199573675908,48.0743604581865,-61.1826623206043,8.37720832033752,309.600863216489,29.7339024602238,19.1136439773286,506.502444412038,0.847929064632177
"Merch Stem Bark Weight","ST_BK_DW_MER",20,698,23.356446991404,19,57.3,171.152795129164,54.6920257460635,13.8005672747181,9.89143547508169,86.5097608171319,23.6898651020507,5.48754135736248,171.586035238313,0.870055186567199
"Merch Stem Wood Weight","ST_WD_DW_MER",20,698,23.356446991404,19,57.3,496.522523008464,48.8008075423565,33.1211199978035,4.31746319396141,336.142770501454,13.4810623472975,19.7263005001981,497.27097541403,0.942832068338233
"Merch Stem Wood+Bark Weight","ST_WDBK_DW_MER",20,738,23.3176151761518,19,57.3,548.394510390929,45.8642580253666,54.5997247815527,4.40512449845528,370.346937888806,12.9783487981726,21.7508174556586,550.736022870963,0.949242191996759
"Stump Wood+Bark Weight","SP_WDBK_DW",20,587,23.4870528109029,19,57.3,53.077639187928,23.7032062695882,-19.0343074798778,-9.28364341694994,32.8185304772438,20.1028197709213,1.79355149788835,56.3448423857624,0.646379097311603
"Branches","BRT_WDBK_DW_TOT",20,685,23.6890510948905,19,86.9,510.135551818594,94.6307887184663,-27.1214481537242,17.5251101321901,323.655201416981,36.3570541452723,19.7688912837457,510.484029407005,0.840774479328745
"Total Stem Bark Weight","ST_BK_DW_TOT",20,698,23.356446991404,19,57.3,168.315447501238,52.9248084915306,6.43584726986735,8.39273438709367,89.5931518293042,23.0589225074186,5.60960580874898,168.317920841255,0.890820456963021
"Total Stem Wood Weight","ST_WD_DW_TOT",20,698,23.356446991404,19,57.3,527.420807992661,47.9678179882738,-10.5187758889891,3.13642416944068,356.915937722735,13.3313967206974,20.6152854958827,527.147820932486,0.942333482709979
"Total Stem Wood+Bark Weight","ST_WDBK_DW_TOT",20,738,23.3176151761518,19,57.3,568.466643801826,45.0543343799564,2.07024619660085,3.14062974059989,385.868610731187,12.7674456577155,22.5293657691778,568.085145506649,0.951809435504228
"Total Stem Bark Weight","ST_BK_DW_TOT",2,3541,1.90505506918949,1,2.9,0.767721618491618,53.8025993206361,-0.0269226584730254,2.89729940752801,0.475598838154344,33.9005960198147,0.341386269708806,0.768085193111026,0.645003423310227
"Total Stem Wood Weight","ST_WD_DW_TOT",2,3608,1.9179600886918,1,2.9,2.09150251700724,43.104003435909,-0.60252192294885,-10.3335339527163,1.43034303682319,25.3435446946915,0.987759963611783,2.17628192893367,0.833178969643163
