SPCD,p05_a,p05_b,p50_a,p50_b,p95_a,p95_b,ols_a,ols_b,DIVISION,model
11,4.018511214550976,0.9315356356715735,6.252691405928352,0.9222382934465325,10.158762947815315,0.8649382775999707,6.204124200746939,0.9209225594054704,,11
12,7.4719645018627645,0.7164394587192545,10.251672275407062,0.7293450662107802,12.202382088325823,0.7832260921639482,9.968583181189803,0.7388919900082658,,11
15,4.659725511044124,0.8067346215172024,6.802773952464222,0.831856737752334,10.64668821300156,0.7917279608942541,6.815752517135997,0.8242892165243102,,11
16,5.496781291789098,0.48045224999529584,9.725801094790507,0.617365902157166,12.330789380061164,0.6743408452650549,8.964383253165638,0.6306481232852862,,11
17,5.409818251205879,0.8323903266005585,8.32855370449274,0.826839439922597,13.542052078813992,0.7831545207108578,8.407336403660235,0.8217670905673713,,11
18,5.473372893219733,0.8075408973486348,7.644383560517558,0.8436822337424492,11.25058113377885,0.7926533943012554,7.610320629986339,0.8328591866857107,,11
19,5.168030665703474,0.8181812605563921,7.167243018076691,0.8781315847209827,10.233129087384258,0.8735981444416773,7.268968822756002,0.8617473062744249,,11
20,3.4620445613420805,0.8762887339031742,5.212123519731056,0.8782395346827225,8.930797935007039,0.8069357065206731,5.2877006018350885,0.8677951831591227,,11
21,4.061931094709021,0.8750093530222435,6.067852660549741,0.8641381017044255,10.577054435271027,0.7856553675146649,6.160979768952224,0.8575164866054501,,11
22,4.307502710011215,0.9109035446721149,7.018078352563451,0.8639652424307709,13.247754458216413,0.7482988957883916,6.905190892090215,0.8680169962768605,,11
41,5.204046978140831,0.7806159109627124,9.140285393544413,0.7253753660348701,15.47520129036149,0.663226921129984,8.90741464058117,0.733576445809698,,11
42,5.270488188624475,0.7099887916819846,7.33430045031597,0.7646163446912161,9.509866680902457,0.7983977774972464,7.253324605340493,0.76005837667201,,11
43,9.353282384730553,0.6145526030709221,13.188400522977485,0.626577330391593,19.94125134200673,0.564476481925952,13.156398270664473,0.6193204210286235,,11
51,7.395527958199821,0.4309238367162419,9.569446176093976,0.5310155530823877,17.203530269505638,0.5085293713309141,10.00394050163201,0.5228435860407518,,11
55,5.58828047852451,0.3899069442505953,9.454265453350628,0.449354672385036,13.759069295622377,0.47362477773310574,9.194498910357895,0.4402560956769101,,11
58,2.038437427369677,0.5574992531685516,3.868813471681241,0.4833701205119185,7.56897733968301,0.3684282788028297,3.9617964366441174,0.4660967089676677,,11
59,2.0402922023359653,0.5810850443549147,3.679992244125553,0.5214992439383705,7.1469457877273745,0.4141524466067565,3.8742489919172556,0.49593164410622775,,11
61,3.149226366323762,0.5399034861239919,7.0346338960289,0.40257408120054305,12.688464446870624,0.36595874413939655,6.770416293800113,0.42055336633016616,,11
62,1.9190232184504694,0.4336516008213588,4.231685737353085,0.3297133498695183,11.35668475295942,0.28616518874520547,4.67641844225482,0.31144444055342024,,11
63,2.8698415884596837,0.5648954098453114,5.511633451166781,0.4656554464888131,8.353423926135783,0.4603338423167765,5.300919989127143,0.48081887820615726,,11
64,6.550874147995494,0.37236338096150584,8.936309193198523,0.4676252811580387,13.559663466422995,0.47954964439006037,9.356320495422745,0.44177637807930187,,11
65,2.205747901961897,0.46468311074569696,4.885375841394397,0.39254835899696455,8.53168688478991,0.36499478462094875,4.586999616145679,0.40868860182244937,,11
66,2.418457375569769,0.49794363342677395,5.000002002657786,0.5133549222955492,9.148719730286906,0.48370716390618873,4.879648630525966,0.5069385326263406,,11
67,9.909388329649822,0.3979927714900508,14.601644731500247,0.47528820574055136,17.764751760215503,0.5494936335834976,14.360362872343368,0.46204180113744364,,11
68,8.614041266134178,0.5164945926188064,11.579337437142344,0.5641924987911375,15.934822206193399,0.5604043557350672,11.634507819434718,0.5535354957531446,,11
69,2.5591263377274167,0.4490741226923549,4.871290429063931,0.37236195177972425,8.414118116098642,0.32684946854257446,4.766524861916537,0.37986855299865685,,11
70,8.179676639992381,0.7392774767886141,10.000000992231344,0.8085207994418337,14.55025495944309,0.7674475746492427,10.08745731680095,0.7964217399100629,,11
71,8.64310693361029,0.6958044271425533,10.620286336985334,0.7706352068882709,18.783306006959297,0.6220055637670231,11.788676699867933,0.7117862867371306,,11
72,6.206234538667284,0.6601303630081313,8.674228913973474,0.6931130745102894,13.579613515320208,0.6690568087147948,9.104042705839188,0.6707324799764517,,11
73,8.911316308810745,0.734157018329254,14.436260305307155,0.6924210545917323,24.522968936784174,0.5887850261183368,13.772081077712784,0.705988710116655,,11
81,4.197117251667564,0.790258407712972,6.164328361261292,0.7964787093066527,9.296385313572245,0.7654925173691581,6.215263817334544,0.7886880759462207,,11
90,6.054189484873146,0.7573588709134712,9.814923795491218,0.7146199753680792,11.86185505293346,0.7380672754626628,9.319918112424157,0.7243259574989561,,11
91,6.115887314858627,0.8106161191071991,10.640327126573355,0.7634128112768039,23.585843832563032,0.5408741854106893,10.770776862618838,0.7481999204596268,,11
92,4.868890158978959,0.809958845672831,6.889465773335637,0.7677968549467795,12.557227826490445,0.6870162381134839,7.407833343407711,0.75033665039155,,11
93,5.223911145219372,0.8100481071647776,7.798864759632312,0.8295713084037636,12.703658063042564,0.7631156080263616,7.815092382421405,0.8197783679410321,,11
94,6.618562140628054,0.7225227656555322,10.272760909913565,0.6997707727598363,13.234885552426123,0.7193270953092149,9.557916272981606,0.7239704655228711,,11
95,7.000001749678882,0.8027864689491739,9.479416767902089,0.8159865678705371,12.3360980436106,0.814699535362076,9.367840259516937,0.8167317401186073,,11
96,4.8686350821465645,0.8258994085579451,7.705733367826045,0.7973712586272603,10.691533209155773,0.7970345129344556,7.604478576756902,0.7981076593402056,,11
97,6.061720237559505,0.7893602224827818,9.582595337173126,0.7333374471149513,14.240235428756838,0.6751741773233194,9.203715765446393,0.7468560785262786,,11
98,4.257333737513122,0.8479295349804803,8.13121188619549,0.7918486641048419,13.5675029835504,0.7417081726979579,7.874263325027422,0.7954604125926377,,11
101,5.507425530249359,0.5915698417316908,7.923988949174467,0.6746663295653659,10.999768524174977,0.7224016381196321,7.948321191324985,0.6627385707388879,,11
102,6.893984646208075,0.4422139934029292,10.518672150009465,0.47698599815490733,16.131392621149413,0.4522422220376551,10.520196848163748,0.46584416219634556,,11
103,6.213670079858462,0.7466891784317394,9.589927166771718,0.7524237950300392,18.74302755029989,0.6234852414679882,10.009757895034012,0.7245320383689243,,11
104,5.414466446591634,0.4884683917918591,7.369673756948366,0.5502290729205103,16.031400984991198,0.4382427157892644,7.683803316898805,0.5314602220984042,,11
105,8.310488811622555,0.6288778742215356,10.261025413830245,0.7296410902030689,15.282734479889532,0.694048454441024,10.52930925783948,0.7108807742722927,,11
106,2.24250420231486,0.679597383086077,4.366004494740321,0.6362582520417877,7.790735620507217,0.5733217410516748,4.227176911285633,0.6420223358962286,,11
107,7.893900146647221,0.7192423236182633,12.92850020820197,0.6752235255006066,19.545879373449154,0.6202429739322485,12.537100370057795,0.6823043048241367,,11
108,6.447891830550974,0.7095101537708985,9.9728658812278,0.7694540620800234,17.885124838750155,0.6661308735497072,10.077693962552734,0.7477489357857787,,11
109,4.170234133838363,0.7812790035395,8.081427272274771,0.6759949626152526,15.213501062075313,0.5689164230935212,7.642025843180525,0.6930566906463436,,11
110,8.000007110289804,0.7116663234578264,12.565142613116846,0.6774034102636785,19.233658716695857,0.6190067295682776,12.261570739276141,0.681720229721734,,11
111,6.425836863074764,0.8375255538591926,11.547252022139991,0.7432919603167686,17.463801518435076,0.6734902392311186,10.571042166619732,0.7758285293961205,,11
113,6.141946877266582,0.49808925388858805,8.525208933396952,0.568636285730099,12.472388011275005,0.6164922319330689,8.737623224146738,0.5563889419879781,,11
114,6.1855515631318445,0.6930263425527123,10.16707679702665,0.6616284395462138,13.209556202942057,0.6571020047830191,9.376492210591369,0.6744454591074366,,11
115,8.518516670028315,0.6904265557277877,13.333420791452516,0.6459404067340736,20.456363286849705,0.5905130172784213,13.159818203148204,0.6481588331802541,,11
116,3.61399886968664,0.8272233975408978,5.999996028341663,0.8019484539838997,10.996945406648857,0.7169904890203568,6.049269217369611,0.7953265836682244,,11
117,4.591206787231535,0.8360333170875246,7.591835404763677,0.7890906898743505,12.94426732752266,0.7128258061633961,7.552358112248778,0.78750999660341,,11
118,4.582847511539504,0.7184757141892679,6.745104375753246,0.6725969472322977,8.23285384941895,0.7146392681538793,6.629579338586906,0.679686104600714,,11
119,5.68207062045667,0.6767764128081329,8.50653881998436,0.740030702280237,12.881722814834216,0.7788959768602761,8.819516036111382,0.7206933814915105,,11
120,4.460740515292519,0.9065027816768966,9.680296184051173,0.7249484686985085,18.364777307567756,0.6135840072644324,9.636186698610196,0.730956415344977,,11
121,6.9567443680507335,0.7663947698742347,13.23090002945169,0.6492572984283121,22.679507889976712,0.5386436973158834,12.035544997276482,0.6860301141175282,,11
122,4.370371487031733,0.8165820083884457,7.0420941052735415,0.8017182870786476,11.831985104059369,0.7304784014603912,7.090297741231248,0.789879620353423,,11
123,7.902712297981726,0.6232002958224371,12.845302017454348,0.5740068141831026,22.875452860867888,0.4637208290170886,12.990812115210572,0.567079012448169,,11
124,9.349520500846793,0.6069844794049056,14.76096182589067,0.607435162298452,24.360209232285655,0.5083937891968123,13.641858921579253,0.6195767992026652,,11
125,5.134211036195872,0.8540826224464426,9.874707567648782,0.7500112522650707,25.81218825341932,0.4753759624257613,9.63019731394372,0.7561884278377522,,11
126,5.4468018091188615,0.7894914127691044,10.636779497435146,0.6610560674138164,17.07873239500996,0.5938108054442937,10.232472433764377,0.6731742788207927,,11
127,5.367095299070612,0.7209701000574784,9.210920755697018,0.6572800857787517,15.810151298846174,0.5748727151042847,9.29591166377734,0.6516260831105822,,11
128,6.579723114197731,0.7414294545845017,12.1324979004923,0.634311673722464,16.45031283482629,0.6297256512908378,11.11346901027284,0.6671603515128691,,11
129,7.362978388637984,0.685988355339012,10.542569274980906,0.7102049271969552,16.571312168130905,0.6530310279806598,10.909656946682029,0.6893512237007653,,11
130,5.676571701301849,0.7303179665403973,10.622693072356705,0.6688737142281976,15.543381828034054,0.6547084945469329,9.7294836962131,0.6961914479155582,,11
131,6.913061569881894,0.7841560695383413,11.81390754419401,0.7096378358570496,19.11705088519691,0.6232169975124295,11.400793803532418,0.719563770879782,,11
132,8.286294086576284,0.7016411223940038,14.000000590695217,0.6429169168784388,20.782271910857705,0.597436072945874,13.420377243990691,0.6553488508785799,,11
133,1.9194028401272825,0.7392694202336142,3.435808426631269,0.6977492549743124,5.76552510322811,0.6518593693425437,3.3309525159971143,0.7063857568234159,,11
134,2.2875055032061993,0.6722915342315229,4.471142568752769,0.6131485433000491,9.752427074372969,0.44780273424475153,4.515950994299324,0.6018345249882943,,11
136,3.5600811947233013,0.9374735164774073,9.506019203667208,0.7637708053547986,21.24744215510717,0.5302607336295814,7.865545747141277,0.8189538740686513,,11
137,5.072140833235522,0.6834459597398882,5.3107324484871,0.8568330328026273,6.4370161140580135,0.8873545953848281,5.65787272576495,0.8326588031578029,,11
140,3.1156995914085575,0.6161839159800542,6.1573120437481785,0.5041721477736102,9.192782082668856,0.48256866423742667,5.7622061205791395,0.5273248659555579,,11
141,2.3705907042574292,0.7248299369864512,4.856881119986596,0.6219302943715667,7.336079596087848,0.604273288724816,4.59017987490385,0.6347246382467612,,11
142,7.264088560172783,0.3378325997323908,12.255394646637955,0.3548800174361134,23.590485493791842,0.29835961589368226,13.018114076338282,0.3261992189524339,,11
143,2.8350124695067374,0.7196229294418821,4.59206197241597,0.6913738517720786,7.5389776424734585,0.6227499170358424,4.5787723817652655,0.6872796686293965,,11
201,6.394940050781913,0.5946993634620051,8.31185000577626,0.6445061828076114,12.814694812609378,0.5917784556570477,7.536490709005718,0.6638724217144809,,11
202,6.17599038795585,0.7587230895056957,9.627265437291829,0.7697481520726568,16.03616910016264,0.7139789786651503,9.644760834518852,0.7614622197186887,,11
211,6.384119013614779,0.7452315440240324,10.197348696634018,0.7272927013907853,15.951463562951778,0.6830703620815177,10.07097937359684,0.724592307079098,,11
221,9.663902241875865,0.5833891227371409,15.604789991499917,0.5738538252718051,26.687875715125415,0.4836475144181877,15.402274218591524,0.5693706000830737,,11
222,8.924792491474623,0.6213376364302206,13.537208845678094,0.638856854267901,19.490793893321886,0.614167170333743,13.409503581263714,0.6310271168403103,,11
231,5.950336750113035,0.48283940280766696,8.944084544132178,0.5117988104868603,12.434373567778415,0.5364290388210452,8.800186668637068,0.5095575584003559,,11
241,8.085614762457968,0.5796857029045035,11.676974601942858,0.5560671175055485,16.41000468408642,0.5217311160653183,11.508065058508043,0.558192703976166,,11
242,6.330817818996205,0.7151387970341796,9.242515769577263,0.7396518966390251,14.066504658949189,0.7063988976613509,9.255996874699614,0.7312120614415838,,11
251,6.0327630276670146,0.6960959428263849,8.283323330147631,0.7073555964545862,15.893035204501514,0.5668827842998905,8.604869484349297,0.6891280060464126,,11
260,8.000002129977444,0.6738543350536813,11.20544213035663,0.661740501279561,18.293220825104434,0.5755851799025359,11.457955767709999,0.6518408291544482,,11
261,6.570828368129696,0.6916734349545182,10.769431414545885,0.6484835276045736,16.424428922433442,0.606063646503305,10.548561377272849,0.6513836469187886,,11
262,5.714853375828579,0.8295993923257692,11.000002361434268,0.6663653446849639,15.048718106777473,0.7089912164455677,10.04425401441509,0.7212000959288275,,11
263,4.944714500460229,0.8494357538369742,8.999996523811296,0.8034270304624999,16.065977827401994,0.7212612820389287,8.788492493973648,0.8056320605838674,,11
264,3.6865231080378167,0.8358171698524588,5.883434295290187,0.843405718554442,8.543665595490083,0.8378437090343802,5.7907824633593625,0.8402961737398205,,11
300,3.0652669089752287,0.3467810072268131,4.511746519708392,0.39911059054579245,3.128529387503379,1.2272175388233846,3.881763131885346,0.5165899632002613,,11
303,5.375467874275159,0.4114111372027617,9.687236818634103,0.33349430031468047,16.71371498790759,0.28259059731677083,9.634685512310867,0.3352689017928412,,11
310,13.00001353761728,0.17391275674647308,16.000067557906736,0.42921253077832966,20.17841393487944,0.6010473800504678,16.490760762600967,0.3882446156702541,,11
311,11.52577260163831,0.5605594147856712,15.999984451014548,0.5771278841315809,21.521804048817256,0.5709941973213002,15.901963342489866,0.5722237040453126,,11
312,10.887338559049455,0.5337229615427005,17.146311933418463,0.5460142509227154,26.651038068333467,0.51805150451052,16.86393735838218,0.543429402209326,,11
313,11.04238904588651,0.45614921297748845,15.403033424465214,0.4985347871025265,21.093899648868053,0.5021980864289276,15.564850198455654,0.48428210569897867,,11
314,12.326287986824646,0.5465875847863197,15.811197293440427,0.5791635012355295,22.440212697285254,0.5331493229129799,16.41001397187077,0.5547482912407282,,11
315,11.5880373069477,0.4863620056331826,14.67912474576149,0.5594794250920421,20.178124614569573,0.5284693125758939,15.210772590184254,0.523862926728945,,11
316,12.331600539288635,0.5538200851199475,17.000011895457266,0.5655104423393499,23.762598899618798,0.5325999321095628,16.936083714254924,0.5606446132441076,,11
317,13.220048281296501,0.4888615671568276,17.78712007470615,0.5242532039461631,27.679598295230104,0.4614818865622731,18.203652556037987,0.5082842496161323,,11
318,13.787582840256963,0.531784365618333,15.388314369573914,0.6290986844355044,24.093155118094703,0.5408750920980789,16.682454650486786,0.5865769184913777,,11
319,10.830036922893406,0.4367867003016142,14.138976502997545,0.6202296416723707,17.923300302137783,0.612075095223312,14.053780182331671,0.5648590480631827,,11
320,12.000006057731191,0.48659339539090923,15.903998643580797,0.5286280827263767,18.41888595997484,0.5988140117249381,16.182413787174298,0.5136210452118104,,11
321,5.091718757294138,0.4592031497490857,10.246074047860521,0.5064942177513262,17.61235409735841,0.5053394738064019,9.974458323261562,0.495800857003155,,11
322,3.613878114063941,0.7314155234533293,6.803873546053837,0.6930744053789258,10.42961953434644,0.6851058737745257,6.67213130704153,0.688277379280899,,11
323,11.382470680258702,0.5543203477813177,14.404007826919905,0.5873862673265805,19.447744722239918,0.6250816954337951,15.054318342016632,0.5715185948714108,,11
330,7.616321508579591,0.4866657092823504,11.753230891024415,0.6742333696984687,17.071261463413098,0.6419884301433594,11.251682307918394,0.665644677599364,,11
331,8.17392563294777,0.6253901628829407,13.910842990902989,0.5333050704152832,14.101609915859216,0.6927305623293653,12.25599676798217,0.5964599284770788,,11
332,8.621097323095455,0.6837800044634135,13.00000477997233,0.6814312783173558,18.931847436419265,0.635751878290113,12.675430912446323,0.6823006748122044,,11
333,7.424884696122441,0.4093400187753436,11.023650656931153,0.406710769799519,16.331569855710033,0.39171237991530483,11.152190175503952,0.3940259944144709,,11
334,7.548193374817973,0.5059527146285955,11.553135613722775,0.4737693991650139,14.364389448393581,0.4110175927860038,10.389338429209735,0.512469477019744,,11
341,10.498936871604416,0.602163380883726,15.5668805005492,0.6180224422858593,23.03641266336927,0.5799231930134913,15.666258053977531,0.605615410932735,,11
345,10.981903827062716,0.497480447389755,16.207897994711267,0.5005875651550834,22.863831184322052,0.48989643745653644,16.08325100420516,0.4966104116197444,,11
351,10.372450056434465,0.6163286956555195,15.378219293564277,0.6276310681756188,24.18833810736876,0.5754773619738468,15.241266193938156,0.6241410370055522,,11
352,8.129488067533638,0.6154664338071871,13.113571395329645,0.587311612548459,20.44647372134395,0.5669671707227746,12.822556635137207,0.5963613734771563,,11
355,11.458784514944655,0.48415723664361315,14.995197067421586,0.5838532553797777,23.579767963301524,0.4849153708109475,15.178194647022567,0.5584350663822983,,11
356,11.000175500644508,0.4915132391576914,14.349248162899876,0.5972469703713831,19.666266093013345,0.5968048985201997,14.608607793490673,0.5662645613336551,,11
357,10.121106734683272,0.5326128998114809,14.562935868915567,0.5658661149990676,21.41280507591443,0.47872633740872167,14.827761294171735,0.534479321589182,,11
361,7.566183805327456,0.5849632199744554,11.662344721818185,0.5871251569983895,18.21666243755305,0.5676997286415486,11.635464765502013,0.5854716914594165,,11
367,11.000002374746334,0.4772147967283447,14.124640640277393,0.6308837290013928,18.607077497286603,0.6333837903276037,14.356663381179725,0.5698174477842256,,11
370,12.792277814251177,0.5518291881208329,18.316318770005875,0.5211466313011177,24.934035990834214,0.47019982877283867,17.70292989226639,0.5284262463134994,,11
371,13.007318641168428,0.4748250732787742,17.617822104231653,0.5008128376142374,27.00079571978183,0.43702447177836934,17.910629939668144,0.4876928624471014,,11
372,13.638218021429148,0.5143654972306978,15.027824920757128,0.6403940870552852,24.077129548820242,0.5528937171908924,16.56999196652476,0.5887366274907894,,11
373,12.361041376297607,0.5287971105997662,19.300840339576716,0.5014656322752796,29.36849798992181,0.43532404365166943,18.667771958530118,0.5082102889328693,,11
374,9.790868029928953,0.5576264001419011,12.46380953814741,0.6374849991295244,18.769104502604865,0.6063191980489543,12.632457675614088,0.6362249914519578,,11
375,11.99998297081273,0.5212552428800786,15.42185145529641,0.5931292133650622,23.811001349430768,0.5120429590067909,16.328665394489427,0.5548436652810589,,11
376,9.88426521033428,0.5829856262782654,15.000002552027187,0.5874496546114598,19.523275001003327,0.6246532085670097,14.587985568058585,0.5907857106395551,,11
379,11.365527186502112,0.5699457175778131,14.627605830803633,0.6152102899658717,20.643169538905195,0.555130360394484,15.191700901053375,0.5800553097540458,,11
381,6.919362573076058,0.5531170673612688,11.397356025345694,0.5406073919770676,17.437403887150204,0.5096003779858026,11.317940782159285,0.532711509464869,,11
391,12.204441558086232,0.40792791254818184,16.256200276993933,0.46940138693505,23.07341439103989,0.4398518825071806,16.656562565158797,0.44389032914630505,,11
400,10.019836053881974,0.6308203822801225,15.767537644155658,0.5882032488795363,19.999990515668156,0.589550822693919,14.934365702606517,0.6015735402125042,,11
401,10.40632017794957,0.5821349940065903,16.037687656341383,0.5654659756183901,24.255741910937108,0.5121946828216722,15.836368329261068,0.561712605238705,,11
402,10.72460251987533,0.6371864397865944,14.137164680846698,0.6729826391259902,21.50438632387859,0.6121820394012457,14.817554813839054,0.6468744795294988,,11
403,9.683840845165955,0.6989697048846348,14.359395385395802,0.6716348731714458,21.071672797887583,0.6144206759247675,14.530017115857543,0.6608809847545182,,11
404,9.473758702203737,0.5671985905507257,13.839881888194185,0.6015567983876265,19.753265296867106,0.5908428481327801,13.8235489997607,0.5909666952281516,,11
405,9.827361701588208,0.6672191894617134,13.832210213771628,0.6753839525669023,18.51923812144537,0.666166774308472,13.725080011522657,0.6709265833161419,,11
406,9.173937737541138,0.666816121536207,16.423059815810785,0.5554758962177939,23.57992417895654,0.5213751249610046,14.768503488202981,0.5994190785083517,,11
407,10.588924957545393,0.6403957603995473,14.080365081013317,0.6638130583922153,19.26860994883644,0.6495927573020787,14.289593762799308,0.6532242115953734,,11
408,9.242729673185329,0.6222554763374781,14.000011551625747,0.5936298650448348,16.9644252206953,0.627423708727625,13.251276462412383,0.611155015834217,,11
409,9.16305409746034,0.6844413285092413,14.00000311604505,0.6563796442477773,19.61428350811822,0.6295677208303586,13.75446505595854,0.6573253348122269,,11
410,9.0000026091597,0.7215258932457326,14.450076734929855,0.654888490627276,19.999987705278492,0.6239802991386167,14.032789638597563,0.6650690307599394,,11
412,10.237222309569068,0.7101163385763001,14.847867078131985,0.6830402554111487,20.673986323627727,0.6453752406939975,14.437421028983817,0.6902204260062847,,11
413,10.688455827931525,0.6777451697367414,16.35458166894357,0.6248357275361706,19.20405046645124,0.6421619433167711,14.65207747504411,0.6728923002190225,,11
421,10.550171680289251,0.49078732432425093,14.12888361383468,0.5972246043696551,17.999968586222884,0.6126457313567728,14.17507008879982,0.5593040283064433,,11
422,12.04228145592957,0.3715082741135499,15.99999070595524,0.4543720544249587,20.85129937426958,0.4592758172513356,16.197429828695046,0.41029407865000017,,11
431,5.973647024502209,0.6973063959659257,8.83037173379198,0.7288572098704184,12.882604549773578,0.7378566179462036,8.812958288608513,0.7228398188975954,,11
450,7.787560309971329,0.6167194547046654,14.58541765034241,0.4904850609406052,17.366206629283358,0.5776217897691042,13.29348260271471,0.525894283772119,,11
451,12.275159616771314,0.3581207297807773,14.261210582144198,0.5299301849622016,21.082384753086508,0.494028920785931,15.48291011838751,0.4708593029103009,,11
452,10.326518264500521,0.44639179402353235,14.53741388080232,0.4741904107598991,20.893296434062094,0.47870003544236356,14.814605121346894,0.4683037591112549,,11
460,10.370784333666204,0.6378472983119705,15.860063844358365,0.5720042642901396,19.98092460007106,0.5602467344517363,15.107884215014767,0.586178042530169,,11
461,9.007066923804716,0.5944554372936561,14.186707318741798,0.5848759903042541,20.593766180534676,0.5500451966868368,13.92717803417657,0.5820636460817703,,11
462,9.90229726065609,0.559952248750902,14.196618206265443,0.5775530684989333,17.999996154675404,0.5951802034187451,13.743419960978486,0.5812864063114821,,11
463,7.000005096101071,0.4379024987914299,9.745681906777362,0.4882263317230303,13.999992483548114,0.4999022068128175,9.792691262147768,0.4852388315659767,,11
471,11.582322968341737,0.37170356681469363,15.648713266268754,0.4623626706865498,21.941047579925623,0.46506454638979905,15.895777947908075,0.43735516836066524,,11
475,1.8410207465199115,0.6211205040662352,4.864577748618951,0.446333454464232,10.231987105776048,0.3044265377433767,4.470331925717604,0.47432097699138726,,11
481,11.350469571712047,0.5838596870677656,17.750587531143026,0.5144330410661321,23.572264366474627,0.5110695587110744,16.39506156209396,0.5588772569505831,,11
491,10.646839091001583,0.45603821137809164,14.838284631551783,0.4763952709516946,20.10328732327124,0.4577906792338733,14.813541759925332,0.46517415726601336,,11
492,9.184399928599708,0.4666445620990691,12.280662390300595,0.5973523915713412,17.95754738312383,0.5920481814521329,12.696045538508452,0.5564797692485586,,11
500,9.650198578880513,0.3395293199185195,14.996681448994105,0.3551944859667438,18.66526634039872,0.44920994183720736,14.444903166088267,0.36617388547646496,,11
501,7.809517893458829,0.4659420237822856,14.396744808884982,0.43068043654675187,16.99999985993126,0.5168461411242522,13.444350127319668,0.44508251763657375,,11
502,9.000000702106462,0.5142963996679636,14.70036381976792,0.4646434218946254,19.333912916576462,0.45338297776860453,14.25471395231302,0.4573414174057063,,11
510,8.38885827602689,0.6683553136238574,12.760706709027515,0.7164079587574164,16.966996367449433,0.7720464593869054,12.723182266062869,0.7054708835078042,,11
513,10.448639579359371,0.7950710024272859,20.403856762552987,0.702313189786535,27.640132321501746,0.6806219600036089,17.498373206699092,0.7580704414473122,,11
514,11.126243994452615,0.45019254012530857,16.699256637420696,0.5057097959155578,21.010240753035518,0.5602438644784105,16.291204665330334,0.49569473111512263,,11
521,8.883241255634273,0.6495066122117592,13.34800527924558,0.6653851672786141,19.45087804803874,0.6314145850623055,13.35648386222695,0.6523616226691887,,11
522,5.000004140776197,0.2818254413066664,8.431325910620613,0.24877566834580359,12.183732377152529,0.4129767577447261,8.22208350181644,0.28530925703430493,,11
523,3.977953200771309,0.667162958889388,4.95244990619415,0.731340554049087,7.309829932841186,0.6952772694617846,5.264458532220777,0.711251506514275,,11
531,10.414936197456113,0.5734410385431478,14.825626746116098,0.5898069660115512,20.64630310762,0.5736956293142448,14.949629893338544,0.5777604603184298,,11
540,11.146444221450063,0.586318811805433,16.463518376072333,0.5783096739897984,21.670581550441025,0.5599913037760276,16.13278450744905,0.5742775170497187,,11
541,11.408577962744562,0.5823044325615885,14.332118753475635,0.6506629024369905,22.078680495433282,0.5803059208517964,15.475428310041938,0.6080490704867514,,11
542,8.7430580924233,0.6074332316364892,16.49547383763509,0.5537538021329695,22.86654468978011,0.5581787219371984,15.221589110301842,0.5749839953348511,,11
543,12.73424692159194,0.519758083968628,14.504549807253163,0.6255967794719933,19.61455127249886,0.5983346194732183,15.270398638950782,0.589523388413363,,11
544,11.27681390457992,0.53348393081288,15.182218594679206,0.6092706108159216,22.737841150921128,0.5668140645828889,15.893547350407797,0.5759782395076185,,11
545,10.629898061071394,0.598204669616127,15.495640799787278,0.6213613277837924,21.731401242173,0.5952707523984294,15.508339705164943,0.6100876444779738,,11
546,10.776709288196319,0.5507264671170806,14.866515300219456,0.5936944544937592,19.22639997804975,0.6080698455450969,14.926435161244784,0.5791660268416249,,11
547,7.400338693710498,0.4273550610906416,10.095770529523962,0.4704777812907947,15.2713348603781,0.405445456997871,9.923405712221774,0.4689557928760608,,11
548,12.000001355154454,0.4056153259130348,15.019260817392153,0.5946989184243663,21.49687744094319,0.5962020955923721,15.329657968542257,0.55694221774798,,11
549,9.627024737513558,0.39881355781348293,13.633803873422522,0.4647254834837598,19.632630690250558,0.45025663755941897,13.291473909844397,0.46333483084996996,,11
551,13.917806910921627,0.41070968168304767,18.3813790883572,0.4628891821864131,23.761729273215966,0.4899523372998537,18.598716383459042,0.4473706660084365,,11
552,10.503654662613519,0.5076291115647427,14.72117427936054,0.5428740381601364,20.35771666580656,0.5391223504197407,14.737735035281895,0.5337175207550944,,11
555,9.224526852505026,0.63981184418013,13.579533395382075,0.6225561548281733,18.854762205103196,0.5950900150446048,13.231659091166904,0.6287112909411474,,11
571,10.389494110070354,0.5991205602225047,15.467905139209247,0.5834618867142188,21.46457584597609,0.568999069761151,15.619106561289355,0.5699479008071555,,11
580,11.320342625701294,0.611744792564874,15.492081210836757,0.6156624568348573,20.100260845603756,0.6310743305832957,15.427589174509187,0.6140749481247625,,11
581,12.074427680053713,0.5639764977023236,15.131633351825458,0.6386312051013429,20.946927606372256,0.6143252297984231,15.324066195224034,0.6247115524133048,,11
582,10.643754440469289,0.5880651421740154,15.328837485381523,0.5675589260528597,19.794216059273406,0.6204179618929664,15.159255618130443,0.5608371030052347,,11
591,8.093374430088154,0.6286989260574926,11.975590509775888,0.5953041297162521,16.142877311421415,0.5972554892747659,11.692974410254012,0.6057602550477446,,11
600,7.827490304506262,0.3533786075272191,11.194372105442032,0.44442886509374296,46.03918804603414,0.07761637424924121,11.407968536125072,0.42287955383287734,,11
601,11.437135858891835,0.5040517830090558,15.440744091823406,0.5436749340040923,20.8563350784471,0.560743165189374,15.287407750627915,0.5405026976373224,,11
602,9.541631625932995,0.6097367027089654,14.791349951053455,0.5879746763060351,20.800815250248878,0.5720377917878945,14.412309377192724,0.5916596892959103,,11
603,14.87069072321611,0.3838350752875472,18.471056367577933,0.4366620360486026,30.408836701827024,0.3346677433491562,18.44501866485657,0.4221946694146573,,11
605,3.2678837960936185,0.7706431245279783,7.1611900238554815,0.6792537557964738,16.421710342207554,0.45561451874911535,8.125139097691626,0.5915023475999674,,11
606,7.138862056474457,0.5250919202501675,8.441506845567085,0.6337833724460639,13.129179751248977,0.6372314459381316,9.005154235250025,0.6053797175942963,,11
611,10.058975232730663,0.6725058424656402,14.520933782925132,0.6630588395855661,20.114851470548885,0.6329459276266893,14.429464560878802,0.6586791368129076,,11
621,12.402700914337512,0.6194839470005777,17.974806733237802,0.5928810894324429,24.640525675859955,0.563461601259218,17.654413424274786,0.5966336715993111,,11
631,7.520537416467916,0.648451592668509,11.491103186223231,0.6517468562721977,17.25050712098028,0.6391709099965956,11.458707641473678,0.649317035042681,,11
641,10.550515960537112,0.43773841538556646,15.458371721959589,0.4272494254351021,19.2531296535913,0.47310918992516626,15.11823017443873,0.43287894727096676,,11
650,9.807220255714004,0.4374712940956902,14.44140293794176,0.4847777220394024,16.999999972854003,0.6898393312108226,13.891584244041335,0.49914255785158207,,11
651,11.36959700440639,0.6185198685965576,16.07829027580354,0.6166147577066322,23.37543662193489,0.5684968433685245,16.273033243480153,0.6051459376463143,,11
652,9.858508085551884,0.60092289509622,14.203634153455258,0.5917016615144618,20.843818486282416,0.5399053590988634,14.174810890032935,0.587130637373486,,11
653,11.042079645191944,0.5773106196436308,15.818629149515147,0.5834905746573115,22.4657184400961,0.5476747705347665,15.919371189195692,0.5722848000322622,,11
654,10.632687577551852,0.6366810596277858,15.077235110447786,0.6583300959764224,20.46082350913725,0.6416252597247583,14.98023368634527,0.6489651577561931,,11
655,12.239061954206912,0.5927813387769795,17.000007768384908,0.5915963438073404,23.434328017434247,0.5595668927634623,17.102718755891523,0.5831502688792674,,11
658,11.784625102573228,0.5383559332399533,15.26243178999985,0.591366788239902,19.333418137317473,0.6426030881249093,15.355353212115949,0.5885808281747915,,11
660,9.976851536210356,0.3324620024444649,15.614370228580308,0.3240597964263427,21.57082104189642,0.35195053961757866,15.632180587993924,0.31924733607787226,,11
661,8.000006955418863,0.5428970803213858,13.015118974135568,0.5409996036852817,20.58534127019242,0.5339458788516703,12.95418363179376,0.5298680688531029,,11
662,10.538668869020897,0.49494237811852954,15.10659489946313,0.4500791160858032,20.035817422418486,0.4709615059991706,15.091931186730829,0.4505379101421063,,11
663,9.432291471814743,0.37511361240006774,14.79761577942729,0.42848740423536535,16.117281535202913,0.5594466255910365,13.812101981282622,0.4454060422472067,,11
680,11.000005244541741,0.48848088375932286,16.033852644901906,0.46948744189640546,22.90506267680103,0.4273287260017476,16.170610133776698,0.46166174976876806,,11
681,11.119008622772915,0.4182219681329966,15.336130497820621,0.4461351406243126,21.229246865832067,0.45395403808985735,15.209732323576139,0.4491169374702956,,11
682,12.295005008884349,0.35984710706024736,16.50286434525135,0.4187613150674379,22.02913117946707,0.45198994669897613,16.66109086576687,0.4077877748460887,,11
691,13.000002997457287,0.48188444577807954,20.774729573383755,0.4679786277601842,28.621767485221973,0.4535887015378698,20.00927555539868,0.47160525688407257,,11
692,11.56574298472681,0.38672699168527175,16.81845273622583,0.46485724846470505,23.99998303797359,0.4583797122554844,16.58399111271858,0.45063335671126886,,11
693,9.332110778073615,0.6267396133268132,13.999996447265037,0.6092834726084978,19.279638226291407,0.5959326958894724,13.687545462149124,0.6129806524983595,,11
694,10.254884055631093,0.5989891985960348,15.633316099908388,0.5812282768542848,22.487695133745913,0.5434870082798657,15.426643823760926,0.5790266966271963,,11
701,12.436914991251383,0.48694026961111664,15.000008373410797,0.5872580261727064,21.543691064596338,0.5332649337146184,15.868611792479838,0.5412641877006984,,11
711,10.401843421136594,0.5866672704092706,15.049280744906612,0.583857588398405,20.79936727693579,0.5654657451108928,14.971641043874031,0.5791330672924537,,11
712,9.460980399923024,0.5744627344537879,15.476408442758029,0.547985026106655,21.824662186214937,0.5356949728299799,15.043316750330074,0.5505149343709784,,11
721,9.53651682456157,0.5441712344093761,13.221039159602187,0.6006488185560368,18.872494892349398,0.58444200222369,13.337357031047391,0.5833773707373169,,11
722,9.607910686027543,0.4196665428682118,14.782170763015412,0.4342184880844615,20.495700294624616,0.43517447146565535,14.431349646731869,0.4350401375458856,,11
730,8.300674328578957,0.5581794202702486,9.734975244257944,0.612691070700043,23.200707633692534,0.49398173039426424,10.42461154303143,0.6031986057646074,,11
731,12.999965711522046,0.5417861749072579,19.210161205499837,0.5335411751610248,29.30990093459701,0.4728801421275349,18.85855436120477,0.5340600527875994,,11
740,11.656011756271246,0.576177336209781,16.562459574751422,0.5854599490060199,22.233296190419953,0.5819916941797734,16.827687614422757,0.5730918059155505,,11
741,11.956481597022405,0.5470464253811985,14.995344023140248,0.5964981413420265,20.802481616353145,0.5611713676325749,15.600910335984585,0.5695366495329699,,11
742,12.821752786584701,0.47966494993334957,17.82432032109321,0.5271016907203514,25.345427064640422,0.5114889230301339,18.017266088516475,0.5122510271986251,,11
743,14.000009112045209,0.5698145064072618,14.145705340333038,0.7005614329948561,23.3286418105988,0.5899616732598767,16.24203484865951,0.6340391577587792,,11
744,10.60509067992552,0.625039438472348,14.392079715762394,0.6421094683878421,20.78783822308413,0.5942190948341117,14.412799735291122,0.6352045662401414,,11
745,8.571962505278684,0.4864996249450927,14.384781377752505,0.5058295924612678,25.698222793886696,0.4269197561230382,14.265396871677106,0.49325824892355596,,11
746,8.681446241015493,0.683229729303584,14.185275134117845,0.6602920746401221,21.79476134441578,0.5869992463216016,14.494806283704273,0.6375501394335635,,11
747,6.7153883237163,0.6654756818566412,11.9999953570312,0.6631942628642703,20.129231678743796,0.6199025371823803,11.89387716676229,0.6534963293830268,,11
748,6.487876857776959,0.624181816218881,6.826868659924495,0.8108972297502008,11.539391985324356,0.760210405202666,7.877949565528838,0.7421640839066894,,11
749,7.810367268894375,0.533522760433638,10.405733705640388,0.5888880576236492,13.147012026141924,0.6595574936198665,10.26992029246668,0.5916185836063076,,11
753,14.245896596556884,0.5412111763059978,31.441010656779547,0.3296937012550691,35.297988700028185,0.304814563158308,24.55097451012516,0.43691603780503113,,11
755,2.997077186892613,0.4425065562766016,5.264904184784474,0.38082395058446866,8.146556932539703,0.40875959504408005,5.192877828499766,0.39178329444766974,,11
756,2.7235317797399676,0.518056136807712,4.7730553304340475,0.5642212104251543,8.517863619160797,0.5083836641984586,4.76161073402207,0.5487248006838727,,11
757,2.188633915950299,0.4898962024739751,3.4938577085673668,0.5444268411545371,6.611556091135453,0.4853218856613225,3.5416744802278357,0.5310751286622023,,11
760,8.234227402598648,0.4877383795804713,13.766594287216492,0.5730507447654334,20.69167380999158,0.5604152139917331,13.436423241618218,0.5569190696875039,,11
761,11.834976439646164,0.5149708592500386,14.100114460283123,0.6491736721073117,19.371602954611447,0.6257243596736869,14.588100944998153,0.6100373728819607,,11
762,11.174560291324765,0.5559491113377938,14.788338999773307,0.6158085361782644,21.649244723019464,0.5743558153467099,15.401554152286915,0.5868573332102425,,11
763,9.94295726941087,0.4637696670287813,14.19888163282123,0.5758688803054851,15.914784376183494,0.692104063292409,13.488061912793937,0.565641284882146,,11
766,9.3833945367702,0.37238137690334727,14.495900567069215,0.35866061041184216,19.16592969592713,0.44693617741090175,13.981184613068603,0.3870111870787883,,11
768,7.040144075873913,0.7916410059308571,12.999851953847868,0.7445696601240342,20.587587804907145,0.6961884442188754,12.680564198622848,0.7358704072883506,,11
771,11.068941494906719,0.4779196123127325,15.081916088764192,0.5631752175235902,27.613808001998596,0.4007840293707048,15.257314991702902,0.5395851785290946,,11
800,8.530919447501761,0.5616100266055124,11.657660338893733,0.5441581090856143,13.000216897531073,0.5938620066711822,11.34272795812426,0.5537803154697978,,11
801,6.12637417664839,0.508100632394835,9.559286993261436,0.5129992540977499,15.590534490490818,0.4747071786762951,9.688847908201602,0.5036779530883336,,11
802,11.014489460516693,0.5915328882154304,15.29231123753772,0.5977210697448866,20.736234429303238,0.5784221439009968,15.224535863017904,0.5930756538436796,,11
803,1.9233893588852944,0.6413125627409354,3.584301902830046,0.6018509574556631,6.3009063787487944,0.5770924761577192,3.5738787530588954,0.6005795492338342,,11
804,9.867055440615752,0.596167760015277,14.486125103779294,0.5785288539601141,19.78412385263253,0.5607480793161537,14.19475273825788,0.5802353298013606,,11
805,5.691384086327406,0.5810954159890717,8.510383082846964,0.6147832319604682,12.782230535671479,0.6175587635814938,8.558653760894277,0.6074502333646546,,11
806,10.876540992409964,0.6150874971341924,16.081905705857185,0.5825073521416544,23.54733230792901,0.5258122746894283,15.836086818424269,0.5846415726695798,,11
807,8.042610497617076,0.4105162200877806,11.526884359111692,0.42204506981302403,16.40539414859943,0.4285373979216603,11.607385316361624,0.4176967678430153,,11
808,6.683377084709593,0.6944429454951951,12.278520060832562,0.6124363326441693,21.532704928265016,0.5052742501200177,12.386124451852547,0.6045186532448733,,11
809,10.548845005427768,0.5484646763560341,14.584287689820112,0.5627488542900126,17.407199926343413,0.6052629724541516,14.369198018452481,0.5605924608863406,,11
810,2.218214320250053,0.6487555707732315,4.08319340497336,0.59615863674025,6.660818668560527,0.6022892567337287,3.9977302752221346,0.6060270536330427,,11
811,10.12200958340356,0.31704830534761663,13.511654942908784,0.35903036626823076,17.289671641520986,0.3619533076979111,13.574473515361735,0.3532337335210645,,11
812,10.000006464222615,0.6113515676479747,14.766030704283711,0.5991849263798732,21.301310523767402,0.5613916377789574,14.588091365472463,0.5983622976319333,,11
813,10.900971004479942,0.6015480361861456,16.74829501203874,0.5722451111796982,24.738954399920786,0.5216383716557467,16.3596700984854,0.575387438145128,,11
814,2.582839349458777,0.8212079888917457,4.634862286894627,0.7956265156490817,7.415004847803084,0.7967220082595582,4.567303117249727,0.7950949780492655,,11
815,5.842098182403028,0.5411472956163178,8.000015753791628,0.6498530645400387,11.171290768580082,0.7206686467725042,8.14596116508682,0.6347955496992868,,11
816,7.112292788129961,0.31727771117031817,13.860927302652055,0.2751443301626462,14.33133239060314,0.650864612326608,11.750075715385739,0.410143810722111,,11
817,9.383213303839524,0.6034435878914483,14.589396812882796,0.5620058526661281,17.164376276739063,0.5969260771356926,13.92596096547425,0.5720925600911604,,11
818,7.000002314448278,0.5608466431414978,11.48164332666301,0.5575012273734753,18.32205641545671,0.5377251796962661,11.40874848103389,0.55573638641011,,11
819,7.234617970688618,0.6045152862997488,10.059232255457491,0.6229731231686051,13.999997623148298,0.6056614320089895,10.095288415856244,0.6139742406305959,,11
820,10.868298827176758,0.5435112609583822,16.40511454198197,0.5343120798359654,22.846338843459847,0.5168688655717595,16.057715943187407,0.5356059090296402,,11
821,6.801539268122217,0.49595727121491046,11.91843221708324,0.4869985308256355,16.836837428254885,0.5270765231418876,11.659974988981862,0.488097591194598,,11
822,10.486805215251927,0.5607921849408029,16.92055035697455,0.521849040662337,26.53585282054676,0.45577671415830023,16.354805775983458,0.5284361631946876,,11
823,6.632420428961173,0.6316914969115355,14.015742427669013,0.5320656988820639,18.495487508166907,0.5513976052057402,12.48838687779606,0.5663934618977825,,11
824,7.518585227074149,0.5345076658978131,11.106151085360553,0.5664101496770704,16.299379571577298,0.5508177897350707,11.196138416233383,0.5520627804467287,,11
825,10.66976667750262,0.5952660094403246,15.098843358275525,0.581152261188234,21.73363122269627,0.5457331449548894,15.033907903400825,0.580872996525434,,11
826,10.979229134632305,0.4877205703876229,15.165070591306801,0.5511503723411489,20.21722422187642,0.5710811673251143,15.392540404731008,0.5315738834590926,,11
827,11.189566113119195,0.5716034803396983,16.51168797934219,0.5638538615347751,22.621143420728885,0.5483725255041096,16.206536292592844,0.5647485841190494,,11
828,8.410023990101855,0.6699285644310042,15.405983934605894,0.5823838402416993,24.570708969497808,0.506354876917275,14.456379197061374,0.5992287844726437,,11
829,1.7332984044268243,0.7394005272992361,4.081717404555163,0.5557867203294116,6.093130667726421,0.530667675442984,3.9769372211530967,0.5602161545817453,,11
830,10.012715231112322,0.606841080841263,15.543851031064403,0.5811647647662264,22.6891179926003,0.5417416407362182,15.35909389394235,0.5784254311239155,,11
831,10.963024130907536,0.5749375646386162,15.867530940743963,0.5765712160549785,23.00743496645611,0.5371516925434502,15.734750086384258,0.5730057796625283,,11
832,11.787915408219616,0.5355275390615231,18.263394597698866,0.5108391528851627,26.22242071481747,0.47788217571419517,17.586091942523787,0.5201181565256753,,11
833,12.0278984312035,0.5446128260500599,16.562480887482785,0.5604996940418422,25.22082290401333,0.49795413654333576,16.94885315100168,0.5448057128581062,,11
834,10.884263132713276,0.5546533070148989,15.55867931931572,0.5624408478001452,22.017433464150052,0.5457092748305848,15.437110132562504,0.5584521347854687,,11
835,9.209292720012993,0.5280766381320589,13.620611228217053,0.5686675407358922,18.095753812964343,0.5773075067110095,13.450933774465236,0.55917988810068,,11
836,5.959549411978009,0.7968858677278507,11.057136658777601,0.6696379110945089,21.94788319509357,0.5052338144204688,11.152910376024822,0.6661556990081129,,11
837,11.284810605537736,0.5605827604678717,15.66601670057324,0.5734378523959054,22.236918569426138,0.5396166803849344,15.833390096933972,0.5616991094159718,,11
838,6.340015264236477,0.5681835527464248,10.999998928890783,0.5498908857048047,18.13572187576239,0.5035052748569604,10.764738373082764,0.5481332979401279,,11
839,6.234021256551608,0.5640019746882647,9.698446080496682,0.5665913352198922,14.731465447421277,0.5574925135106723,9.777260375966685,0.5599324407741626,,11
840,8.200051342078257,0.5897805894022896,11.605080283538268,0.6052152839797846,15.705068791249339,0.5962255823298392,11.52513372350249,0.5984973742366576,,11
841,6.59931092900391,0.6184550596446506,10.000002972455952,0.6200983711380432,14.267567054046904,0.6285443313296335,9.9082523012687,0.6183729787723097,,11
842,8.317576896833328,0.5474896601625197,11.710580220037942,0.5729258148975207,16.083379059197952,0.5810640555771885,11.689395599495958,0.5637658448453559,,11
843,2.7041211526533413,0.564841192905656,4.987914416734092,0.5279900702161341,7.457529625439184,0.5839802149678839,4.843300842006228,0.5432174444038032,,11
846,1.741054050780512,0.6215206653850625,3.1743920234029703,0.5701567462251073,5.944613450760462,0.4856991924529731,3.25149730587851,0.5556697765658815,,11
847,2.705740739321416,0.5011113826395674,6.422596383737431,0.33841870789762085,12.269287555205398,0.2717341272499141,5.606107237981116,0.4112239317308662,,11
852,10.000000066003796,0.1527083398534239,13.291573108547448,0.28481159238193615,18.999959903753368,0.21294509274031398,13.674267121414747,0.21083877255567415,,11
853,9.738165993223186,0.27837446274389915,14.785037222902549,0.3009981827370313,20.337118673607844,0.32192805808626784,14.496172855329371,0.30085804092538043,,11
854,8.660078872083416,0.33352293206536765,11.552882403279993,0.3984006299769929,16.299071821382977,0.42678561546654714,11.690987502038526,0.390458309668478,,11
858,8.47393955414729,0.6562182392634809,13.37970419980326,0.6269665587652167,20.318462674290302,0.588062094170921,13.292264162655995,0.6141506963417037,,11
859,9.819367511236292,0.42669923086211853,13.812038737101867,0.42982015874527624,19.165304996773617,0.4466821464563043,13.619352163994641,0.4389249762774015,,11
860,9.000005170986512,0.19855732765886194,11.286298424739263,0.5387912241022015,17.626500603921638,0.6585999772015505,11.588585392520447,0.5136550842800769,,11
863,9.189720940835114,0.5004203534597396,12.635662237959043,0.517359074722433,16.999989340777667,0.512740469271177,12.865075250787607,0.494926003926164,,11
867,3.76422840138624,0.40082261036769207,6.554225142815032,0.32580775659753747,11.011490928747508,0.2742730129895561,6.549238447493702,0.3281548586731481,,11
873,7.507268150252109,0.447270951075335,12.388401309133037,0.5055938469842951,16.941113372835495,0.6326638828674452,11.957200724812713,0.5021872456731744,,11
876,11.000006495150792,0.26665153040442635,13.209402320615261,0.5264538703461965,16.9999997387834,0.5977992445354714,13.19018703338545,0.5062809376984573,,11
877,5.00219462737724,0.5529792055686344,10.011623990558446,0.4953912668070815,13.79563307890573,0.6032218937619948,9.811165080597979,0.5069352689069226,,11
885,7.599902011891842,0.47257534731376355,13.240936640020417,0.42515608951849254,17.51299086417108,0.4437507260792306,12.382023623314401,0.4406606627180307,,11
886,9.50713052715753,0.2772222606841599,12.024812897786097,0.3083305609485463,15.787992324248892,0.394015090726712,12.083407347355411,0.32175810536101423,,11
896,8.471226825121649,0.40918469642304095,12.584674460717746,0.5108374164867219,19.26759656482786,0.46703069461291497,12.046687243118415,0.5015425070322121,,11
901,10.239930751298726,0.5885958549100828,14.679500947436148,0.621154731656713,20.47788088071412,0.6004552009887084,14.565509355925691,0.6112597747482174,,11
902,5.514756127785966,0.3214326559166133,6.765494256593718,0.5637328517504542,9.430571869973539,0.6151299391476301,7.125725701699878,0.5016335525149158,,11
908,1.1092175230049273,1.250609092512306,3.151016756027704,1.0942008043712599,10.130332147142624,0.8065857756372693,2.99019608460564,1.0999656704574934,,11
912,3.529262891003156,0.3293293887019755,86.9287944631003,-0.5052795376590763,54.80159458124772,-0.01256546686977459,40.14301066344494,-0.22002485116192697,,11
913,13.438419703498624,-0.4459231482564023,5.092917109609363,0.36047589402749275,19.99994893664826,1.1900274985422528e-06,5.140180683753783,0.4017244722177696,,11
915,6.105705495796883,0.24102734698520373,23.090091737430704,0.09110489871550001,15.512232946588636,0.479351806783289,17.332737025322036,0.17961893804057188,,11
919,8.212623157249872,0.5180410014232864,11.392087080104323,0.5454567822310614,16.999993372446145,0.5220321086005221,11.582093958946839,0.5333866937651818,,11
920,9.65597294851833,0.5059207003531981,15.50871426504791,0.5411298171176799,19.761965855809397,0.5884273144188338,14.755508426806655,0.5438851154959151,,11
921,13.000005457251403,0.2117986896797619,15.310939635047403,0.3988555442410334,15.398057683539344,0.5950862902962462,15.139388241458946,0.3916338609043435,,11
922,10.836818553330232,0.4678053133404949,15.008668446391866,0.5410615132467677,21.306549765615966,0.5444302453524177,15.26128703767095,0.5229143342845364,,11
923,14.000003528051641,0.1875156676348007,16.7682321719949,0.2658563423990085,15.958768116241133,0.5685088079564385,16.98703622187092,0.2611584525078876,,11
925,8.246517041517086,0.4795584352897501,12.14842968382709,0.5406214341526255,17.047787190101964,0.5702255438942435,12.139099328682743,0.5309658360004124,,11
927,11.634387473150316,0.4086627510137576,14.57011083066058,0.5134739615010799,15.963612160375837,0.6598249911394736,15.025257522858709,0.46898011439700715,,11
931,10.447779002537317,0.5404100714391098,14.494370176775996,0.6067754546439068,20.221778007026426,0.6028973368100784,14.632315779966788,0.5872795652339953,,11
935,10.568328130039735,0.4381148447720813,15.088850821386465,0.43509526666559506,20.432829490195903,0.4421584136025978,15.06356321106652,0.4344590048043599,,11
940,10.043685333848716,0.3722229160796623,14.192158350620785,0.4118604904202933,16.99999962163735,0.5747448828790805,13.47192488442025,0.4456658075758811,,11
950,11.154970915378938,0.6072719351929291,15.687263063139964,0.5961516883680977,19.883822594450436,0.5801317411790883,15.567948414985503,0.5896078376933133,,11
951,11.104479579174335,0.5799241566314816,14.384973913906032,0.6366301598074727,20.575420153490597,0.6042185019004435,14.971199179323246,0.610325253274819,,11
952,11.310241892880253,0.6211100557396826,17.035181835813372,0.5987193735871702,28.92815545930916,0.5015465625616211,16.61711604912589,0.6038970541678156,,11
953,11.28576943466867,0.5360488103344248,17.128684033589515,0.568695278976111,24.492686743538922,0.5345192515209871,17.378111137726417,0.546818082058902,,11
970,10.000156690328751,0.6204560665617472,15.000006433290094,0.5837122904841708,20.273323156257124,0.549345662086586,14.534760261030526,0.5893982001757346,,11
971,9.385200226161325,0.608748167479381,13.378133038234719,0.6276242025353915,18.730892791011193,0.6142538079531763,13.289558073310475,0.6232384774090185,,11
972,11.000005359064433,0.5209105757305684,14.712645588921676,0.5689720100173441,19.23951103171319,0.5846189147892132,14.78135967841865,0.5568794504728385,,11
973,7.419592608061173,0.5646421578770427,10.451492845214753,0.6246842514449472,15.999972294870137,0.595731209820066,10.600863308048593,0.6067395600383398,,11
974,9.161698648039003,0.48891115176804717,14.319864399268766,0.49505498410229554,20.768945254453488,0.4931789120060634,14.285498670520047,0.4882671869871646,,11
975,10.818115596505473,0.5646236528363386,14.490173179864453,0.6088655631642843,20.403293018667828,0.5860472303766411,14.749851822733644,0.5910939207270658,,11
976,10.83266274447587,0.5457236795191293,15.731912586142027,0.5874573035542758,23.000061031411555,0.5534433830746711,15.766147480973602,0.5738495162723488,,11
977,13.436858722333273,0.419451512974125,14.290165488962781,0.6198795363257128,15.75918244610819,0.7128034356752203,14.616451986638067,0.5864955763186921,,11
981,8.528063430093443,0.5537190683937866,12.362023683832279,0.5903748652044272,18.363597370631336,0.6012235037155882,12.573827721283575,0.5817109757966834,,11
986,6.185153739643282,0.6345560447751938,10.478807882020307,0.5809269996269911,15.042804262360372,0.6472383073248427,10.29803113125055,0.5962091843826199,,11
987,7.102386963673423,0.45360909419103906,13.056692520489698,0.38260412275012007,16.448603223230982,0.48076279457102694,11.85438876237496,0.43544791832530466,,11
988,7.000001585683705,0.601231037321976,12.000003681638269,0.5421488870250087,19.73273873676333,0.48283930355206733,11.886090223677888,0.5421160734076621,,11
989,9.000001278695226,0.4269591466673581,13.319742327364905,0.5228945961261916,19.706482951175754,0.5357198318068536,13.3767658478958,0.49906673728470496,,11
990,3.0164871876488544,0.48736677461012207,8.400861197682657,0.2513804960269551,7.658845480199476,0.45722593367677905,6.1860754546281145,0.3823892668852207,,11
992,10.000043468893685,0.4642708177339502,14.51349298347859,0.5329893374243666,28.928721138929074,0.35902915621317366,15.308174825622185,0.4988127504621492,,11
993,10.408311211358647,0.5162441317692028,14.955418949463292,0.5507080488309755,20.999993423493454,0.5460581818031751,14.856904543242512,0.5447065328981673,,11
994,9.915516868725659,0.5670785426251138,14.999993812762362,0.5777327926793311,20.999990413042777,0.5568057211134394,14.691426359634749,0.5761965699514985,,11
995,9.931691863373414,0.47096983488502897,13.42541001271676,0.6238728712888776,21.26801376200806,0.4804883213363308,13.474998848024478,0.5768567866772241,,11
996,9.724975582811835,0.29260483473957755,14.000013197511711,0.5047589551506959,16.028888206519788,0.6578203053688648,13.460834927125306,0.4895613664313115,,11
997,14.000001470751812,0.183114648893777,15.089596195437364,0.32131880449518824,14.588087987312079,0.61981175905764,15.186416445646152,0.31825100134771106,,11
999,14.21608696650424,0.36788913919802024,15.447874184371196,0.510101683242612,15.696336065630883,0.6193180661384767,15.600973897227755,0.49155737929583765,,11
